<?xml version="1.0" encoding="UTF-8"?>
<project version="4">
  <component name="ChangeListManager">
    <list default="true" id="e0c8517c-4cb8-4237-b0ab-5358043bdf8d" name="Default" comment="">
      <change type="MODIFICATION" beforePath="$PROJECT_DIR$/../../../../../../../src/Merchello.Web.UI/bin/Merchello.Plugin.Payments.Braintree.dll" afterPath="$PROJECT_DIR$/../../../../../../../src/Merchello.Web.UI/bin/Merchello.Plugin.Payments.Braintree.dll" />
      <change type="MODIFICATION" beforePath="$PROJECT_DIR$/../../../../../../../src/Merchello.Core/Properties/AssemblyInfo.cs" afterPath="$PROJECT_DIR$/../../../../../../../src/Merchello.Core/Properties/AssemblyInfo.cs" />
      <change type="MODIFICATION" beforePath="$PROJECT_DIR$/../../../../../../../src/Merchello.Web/Properties/AssemblyInfo.cs" afterPath="$PROJECT_DIR$/../../../../../../../src/Merchello.Web/Properties/AssemblyInfo.cs" />
      <change type="MODIFICATION" beforePath="$PROJECT_DIR$/../../../../../../../src/Merchello.Web/AutoMapperMappings-Payment.cs" afterPath="$PROJECT_DIR$/../../../../../../../src/Merchello.Web/AutoMapperMappings-Payment.cs" />
      <change type="MODIFICATION" beforePath="$PROJECT_DIR$/../../Provider/BraintreePaymentGatewayMethodBase.cs" afterPath="$PROJECT_DIR$/../../Provider/BraintreePaymentGatewayMethodBase.cs" />
      <change type="MODIFICATION" beforePath="$PROJECT_DIR$/../../Provider/BraintreeStandardTransactionPaymentGatewayMethod.cs" afterPath="$PROJECT_DIR$/../../Provider/BraintreeStandardTransactionPaymentGatewayMethod.cs" />
      <change type="MODIFICATION" beforePath="$PROJECT_DIR$/../../Provider/BraintreeVaultTransactionPaymentGatewayMethod.cs" afterPath="$PROJECT_DIR$/../../Provider/BraintreeVaultTransactionPaymentGatewayMethod.cs" />
      <change type="MODIFICATION" beforePath="$PROJECT_DIR$/../../../../../../../src/Merchello.Web.UI.Client/src/common/models/dialogdata/CapturePaymentDialogData.model.js" afterPath="$PROJECT_DIR$/../../../../../../../src/Merchello.Web.UI.Client/src/common/models/dialogdata/CapturePaymentDialogData.model.js" />
      <change type="MODIFICATION" beforePath="$PROJECT_DIR$/../../../../../../../src/Merchello.Core/Gateways/Payment/Cash/CashPaymentGatewayMethod.cs" afterPath="$PROJECT_DIR$/../../../../../../../src/Merchello.Core/Gateways/Payment/Cash/CashPaymentGatewayMethod.cs" />
      <change type="MODIFICATION" beforePath="$PROJECT_DIR$/../../../../../../../src/Merchello.Web.UI.Client/src/common/models/sales/InvoiceDisplay.model.js" afterPath="$PROJECT_DIR$/../../../../../../../src/Merchello.Web.UI.Client/src/common/models/sales/InvoiceDisplay.model.js" />
      <change type="MODIFICATION" beforePath="$PROJECT_DIR$/../../../../../../../build/NuSpec/Merchello.Core.nuspec" afterPath="$PROJECT_DIR$/../../../../../../../build/NuSpec/Merchello.Core.nuspec" />
      <change type="MODIFICATION" beforePath="$PROJECT_DIR$/../../Merchello.Plugin.Payments.BrainTree.csproj" afterPath="$PROJECT_DIR$/../../Merchello.Plugin.Payments.BrainTree.csproj" />
      <change type="MODIFICATION" beforePath="$PROJECT_DIR$/../../../../tests/Merchello.Tests.BrainTree.Integration/Merchello.Tests.BrainTree.Integration.csproj" afterPath="$PROJECT_DIR$/../../../../tests/Merchello.Tests.BrainTree.Integration/Merchello.Tests.BrainTree.Integration.csproj" />
      <change type="MODIFICATION" beforePath="$PROJECT_DIR$/../../../../../../../build/NuSpec/Merchello.TestsBase.nuspec" afterPath="$PROJECT_DIR$/../../../../../../../build/NuSpec/Merchello.TestsBase.nuspec" />
      <change type="MODIFICATION" beforePath="$PROJECT_DIR$/../../../../../../../build/Merchello.Version.props" afterPath="$PROJECT_DIR$/../../../../../../../build/Merchello.Version.props" />
      <change type="MODIFICATION" beforePath="$PROJECT_DIR$/../../../../../../../src/Merchello.Web.UI/bin/Merchello.Web.XML" afterPath="$PROJECT_DIR$/../../../../../../../src/Merchello.Web.UI/bin/Merchello.Web.XML" />
      <change type="MODIFICATION" beforePath="$PROJECT_DIR$/../../../../../../../src/Merchello.Web/Merchello.Web.csproj" afterPath="$PROJECT_DIR$/../../../../../../../src/Merchello.Web/Merchello.Web.csproj" />
      <change type="MODIFICATION" beforePath="$PROJECT_DIR$/../../../../../../../src/Merchello.Core/Configuration/MerchelloVersion.cs" afterPath="$PROJECT_DIR$/../../../../../../../src/Merchello.Core/Configuration/MerchelloVersion.cs" />
      <change type="MODIFICATION" beforePath="$PROJECT_DIR$/../../../../../../../src/Merchello.Core/Gateways/Payment/PaymentGatewayMethodAttribute.cs" afterPath="$PROJECT_DIR$/../../../../../../../src/Merchello.Core/Gateways/Payment/PaymentGatewayMethodAttribute.cs" />
      <change type="MODIFICATION" beforePath="$PROJECT_DIR$/../../../../../../../src/Merchello.Web/Models/Payments/PaymentMethodDisplay.cs" afterPath="$PROJECT_DIR$/../../../../../../../src/Merchello.Web/Models/Payments/PaymentMethodDisplay.cs" />
      <change type="MODIFICATION" beforePath="$PROJECT_DIR$/../../../../../../../src/Merchello.Web.UI.Client/src/common/models/payment/PaymentMethodDisplay.model.js" afterPath="$PROJECT_DIR$/../../../../../../../src/Merchello.Web.UI.Client/src/common/models/payment/PaymentMethodDisplay.model.js" />
      <change type="MODIFICATION" beforePath="$PROJECT_DIR$/../../../../../../../src/Merchello.Web.UI.Client/src/common/models/payment/ProcessorArgumentsCollectionDisplay.model.js" afterPath="$PROJECT_DIR$/../../../../../../../src/Merchello.Web.UI.Client/src/common/models/payment/ProcessorArgumentsCollectionDisplay.model.js" />
      <change type="MODIFICATION" beforePath="$PROJECT_DIR$/../../Models/TransactionReference.cs" afterPath="$PROJECT_DIR$/../../Models/TransactionReference.cs" />
      <change type="MODIFICATION" beforePath="$PROJECT_DIR$/../../../../../../../src/Merchello.Web.UI.Client/src/views/sales/directives/addpaymenttable.directive.js" afterPath="$PROJECT_DIR$/../../../../../../../src/Merchello.Web.UI.Client/src/views/sales/directives/addpaymenttable.directive.js" />
      <change type="MODIFICATION" beforePath="$PROJECT_DIR$/dialogs/braintree.payment.dialog.controllers.js" afterPath="$PROJECT_DIR$/dialogs/braintree.payment.dialog.controllers.js" />
      <change type="MODIFICATION" beforePath="$PROJECT_DIR$/../../../../../../../src/Merchello.Web.UI/App_Plugins/Merchello.Braintree/dialogs/braintree.payment.dialog.controllers.js" afterPath="$PROJECT_DIR$/../../../../../../../src/Merchello.Web.UI/App_Plugins/Merchello.Braintree/dialogs/braintree.payment.dialog.controllers.js" />
      <change type="MODIFICATION" beforePath="$PROJECT_DIR$/../../../../../../../src/Merchello.Web.UI.Client/src/views/customers/dialogs/customer.customeraddress.addedit.controller.js" afterPath="$PROJECT_DIR$/../../../../../../../src/Merchello.Web.UI.Client/src/views/customers/dialogs/customer.customeraddress.addedit.controller.js" />
      <change type="MODIFICATION" beforePath="$PROJECT_DIR$/../../../../../../../src/Merchello.Web.UI.Client/src/common/services/invoiceHelper.service.js" afterPath="$PROJECT_DIR$/../../../../../../../src/Merchello.Web.UI.Client/src/common/services/invoiceHelper.service.js" />
      <change type="MODIFICATION" beforePath="$PROJECT_DIR$/../../../../../../../src/Merchello.Web.UI/App_Plugins/Merchello/js/merchello.controllers.js" afterPath="$PROJECT_DIR$/../../../../../../../src/Merchello.Web.UI/App_Plugins/Merchello/js/merchello.controllers.js" />
      <change type="MODIFICATION" beforePath="$PROJECT_DIR$/../../../../../../../src/Merchello.Web.UI/App_Plugins/Merchello/js/merchello.directives.js" afterPath="$PROJECT_DIR$/../../../../../../../src/Merchello.Web.UI/App_Plugins/Merchello/js/merchello.directives.js" />
      <change type="MODIFICATION" beforePath="$PROJECT_DIR$/../../../../../../../src/Merchello.Web.UI/App_Plugins/Merchello/js/merchello.models.js" afterPath="$PROJECT_DIR$/../../../../../../../src/Merchello.Web.UI/App_Plugins/Merchello/js/merchello.models.js" />
      <change type="MODIFICATION" beforePath="$PROJECT_DIR$/../../../../../../../src/Merchello.Web.UI/App_Plugins/Merchello/js/merchello.services.js" afterPath="$PROJECT_DIR$/../../../../../../../src/Merchello.Web.UI/App_Plugins/Merchello/js/merchello.services.js" />
      <change type="MODIFICATION" beforePath="$PROJECT_DIR$/../../packages.config" afterPath="$PROJECT_DIR$/../../packages.config" />
      <change type="MODIFICATION" beforePath="$PROJECT_DIR$/../../../../tests/Merchello.Tests.BrainTree.Integration/packages.config" afterPath="$PROJECT_DIR$/../../../../tests/Merchello.Tests.BrainTree.Integration/packages.config" />
      <change type="MODIFICATION" beforePath="$PROJECT_DIR$/dialogs/payment.standard.authorizecapturepayment.html" afterPath="$PROJECT_DIR$/dialogs/payment.standard.authorizecapturepayment.html" />
      <change type="MODIFICATION" beforePath="$PROJECT_DIR$/../../../../../../../src/Merchello.Web.UI/App_Plugins/Merchello.Braintree/dialogs/payment.standard.authorizecapturepayment.html" afterPath="$PROJECT_DIR$/../../../../../../../src/Merchello.Web.UI/App_Plugins/Merchello.Braintree/dialogs/payment.standard.authorizecapturepayment.html" />
      <change type="MODIFICATION" beforePath="$PROJECT_DIR$/dialogs/payment.standard.authorizepayment.html" afterPath="$PROJECT_DIR$/dialogs/payment.standard.authorizepayment.html" />
      <change type="MODIFICATION" beforePath="$PROJECT_DIR$/../../../../../../../src/Merchello.Web.UI/App_Plugins/Merchello.Braintree/dialogs/payment.standard.authorizepayment.html" afterPath="$PROJECT_DIR$/../../../../../../../src/Merchello.Web.UI/App_Plugins/Merchello.Braintree/dialogs/payment.standard.authorizepayment.html" />
      <change type="MODIFICATION" beforePath="$PROJECT_DIR$/../../../../../../../src/Merchello.Web.UI.Client/src/common/models/factories/payments/paymentMethodDisplayBuilder.factory.js" afterPath="$PROJECT_DIR$/../../../../../../../src/Merchello.Web.UI.Client/src/common/models/factories/payments/paymentMethodDisplayBuilder.factory.js" />
      <change type="MODIFICATION" beforePath="$PROJECT_DIR$/../../../../../../../src/Merchello.Web.UI.Client/src/views/sales/saleoverview.controller.js" afterPath="$PROJECT_DIR$/../../../../../../../src/Merchello.Web.UI.Client/src/views/sales/saleoverview.controller.js" />
      <change type="MODIFICATION" beforePath="$PROJECT_DIR$/../../../../../../../src/Merchello.Web.UI/web.config" afterPath="$PROJECT_DIR$/../../../../../../../src/Merchello.Web.UI/web.config" />
      <change type="MODIFICATION" beforePath="$PROJECT_DIR$/.idea/workspace.xml" afterPath="$PROJECT_DIR$/.idea/workspace.xml" />
    </list>
    <ignored path="Merchello.Braintree.iws" />
    <ignored path=".idea/workspace.xml" />
    <option name="EXCLUDED_CONVERTED_TO_IGNORED" value="true" />
    <option name="TRACKING_ENABLED" value="true" />
    <option name="SHOW_DIALOG" value="false" />
    <option name="HIGHLIGHT_CONFLICTS" value="true" />
    <option name="HIGHLIGHT_NON_ACTIVE_CHANGELIST" value="false" />
    <option name="LAST_RESOLUTION" value="IGNORE" />
  </component>
  <component name="ChangesViewManager" flattened_view="true" show_ignored="false" />
  <component name="CreatePatchCommitExecutor">
    <option name="PATCH_PATH" value="" />
  </component>
  <component name="ExecutionTargetManager" SELECTED_TARGET="default_target" />
  <component name="FavoritesManager">
    <favorites_list name="Merchello.Braintree" />
  </component>
  <component name="FileEditorManager">
    <leaf>
      <file leaf-file-name="payment.standard.capturepayment.html" pinned="false" current-in-tab="true">
        <entry file="file://$PROJECT_DIR$/dialogs/payment.standard.capturepayment.html">
          <provider selected="true" editor-type-id="text-editor">
            <state vertical-scroll-proportion="1.3528678">
              <caret line="35" column="56" selection-start-line="35" selection-start-column="56" selection-end-line="35" selection-end-column="56" />
              <folding />
            </state>
          </provider>
        </entry>
      </file>
    </leaf>
  </component>
  <component name="FileTemplateManagerImpl">
    <option name="RECENT_TEMPLATES">
      <list>
        <option value="Html5" />
        <option value="JavaScript File" />
      </list>
    </option>
  </component>
  <component name="Git.Settings">
    <option name="RECENT_GIT_ROOT_PATH" value="$PROJECT_DIR$/../../../../../../.." />
  </component>
  <component name="IdeDocumentHistory">
    <option name="CHANGED_PATHS">
      <list>
        <option value="$PROJECT_DIR$/payment.braintree.models.js" />
        <option value="$PROJECT_DIR$/dialogs/payment.braintree.standardmethod.authorizepayment.html" />
        <option value="$PROJECT_DIR$/dialogs/payment.braintree.standardmethod.authorizepayment.controller.js" />
        <option value="$PROJECT_DIR$/payment.braintree.providersettings.html" />
        <option value="$PROJECT_DIR$/payment.braintree.module.js" />
        <option value="$PROJECT_DIR$/payment.braintree.providersettings.controller.js" />
        <option value="$PROJECT_DIR$/dialogs/payment.standard.refundpayment.html" />
        <option value="$PROJECT_DIR$/dialogs/braintree.standard.authorizecapturepayment.html" />
        <option value="$PROJECT_DIR$/braintree.services.js" />
        <option value="$PROJECT_DIR$/package.manifest" />
        <option value="$PROJECT_DIR$/merchello.plugins.braintree.services.js" />
        <option value="$PROJECT_DIR$/merchello.plugins.braintree.resources.js" />
        <option value="$PROJECT_DIR$/merchello.plugins.braintree.models.js" />
        <option value="$PROJECT_DIR$/dialogs/payment.standard.authorizecapturepayment.html" />
        <option value="$PROJECT_DIR$/dialogs/payment.standard.authorizepayment.html" />
        <option value="$PROJECT_DIR$/dialogs/payment.standard.voidpayment.html" />
        <option value="$PROJECT_DIR$/dialogs/braintree.payment.dialog.controllers.js" />
        <option value="$PROJECT_DIR$/dialogs/payment.standard.capturepayment.html" />
      </list>
    </option>
  </component>
  <component name="JsBuildToolGruntFileManager" detection-done="true" />
  <component name="JsGulpfileManager">
    <detection-done>true</detection-done>
  </component>
  <component name="NamedScopeManager">
    <order />
  </component>
  <component name="ProjectFrameBounds">
    <option name="x" value="-9" />
    <option name="y" value="-9" />
    <option name="width" value="1932" />
    <option name="height" value="1050" />
  </component>
  <component name="ProjectLevelVcsManager" settingsEditedManually="true">
    <OptionsSetting value="true" id="Add" />
    <OptionsSetting value="true" id="Remove" />
    <OptionsSetting value="true" id="Checkout" />
    <OptionsSetting value="true" id="Update" />
    <OptionsSetting value="true" id="Status" />
    <OptionsSetting value="true" id="Edit" />
    <ConfirmationsSetting value="1" id="Add" />
    <ConfirmationsSetting value="0" id="Remove" />
  </component>
  <component name="ProjectView">
    <navigator currentView="ProjectPane" proportions="" version="1">
      <flattenPackages />
      <showMembers />
      <showModules />
      <showLibraryContents />
      <hideEmptyPackages />
      <abbreviatePackageNames />
      <autoscrollToSource />
      <autoscrollFromSource />
      <sortByType />
    </navigator>
    <panes>
      <pane id="Scope" />
      <pane id="Scratches" />
      <pane id="ProjectPane">
        <subPane>
          <PATH>
            <PATH_ELEMENT>
              <option name="myItemId" value="Merchello.Braintree" />
              <option name="myItemType" value="com.intellij.ide.projectView.impl.nodes.ProjectViewProjectNode" />
            </PATH_ELEMENT>
          </PATH>
          <PATH>
            <PATH_ELEMENT>
              <option name="myItemId" value="Merchello.Braintree" />
              <option name="myItemType" value="com.intellij.ide.projectView.impl.nodes.ProjectViewProjectNode" />
            </PATH_ELEMENT>
            <PATH_ELEMENT>
              <option name="myItemId" value="Merchello.Braintree" />
              <option name="myItemType" value="com.intellij.ide.projectView.impl.nodes.PsiDirectoryNode" />
            </PATH_ELEMENT>
          </PATH>
          <PATH>
            <PATH_ELEMENT>
              <option name="myItemId" value="Merchello.Braintree" />
              <option name="myItemType" value="com.intellij.ide.projectView.impl.nodes.ProjectViewProjectNode" />
            </PATH_ELEMENT>
            <PATH_ELEMENT>
              <option name="myItemId" value="Merchello.Braintree" />
              <option name="myItemType" value="com.intellij.ide.projectView.impl.nodes.PsiDirectoryNode" />
            </PATH_ELEMENT>
            <PATH_ELEMENT>
              <option name="myItemId" value="dialogs" />
              <option name="myItemType" value="com.intellij.ide.projectView.impl.nodes.PsiDirectoryNode" />
            </PATH_ELEMENT>
          </PATH>
        </subPane>
      </pane>
    </panes>
  </component>
  <component name="PropertiesComponent">
    <property name="WebServerToolWindowFactoryState" value="false" />
    <property name="last_opened_file_path" value="$PROJECT_DIR$" />
    <property name="HbShouldOpenHtmlAsHb" value="" />
    <property name="FullScreen" value="false" />
    <property name="DefaultHtmlFileTemplate" value="Html5" />
  </component>
  <component name="RecentsManager">
    <key name="CopyFile.RECENT_KEYS">
      <recent name="C:\Working Repositories\GitHub\Merchello\Plugin\Payments\BrainTree\src\Merchello.Plugin.Payments.BrainTree\App_Plugins\Merchello.Braintree\dialogs" />
    </key>
  </component>
  <component name="RunManager">
    <configuration default="true" type="DartCommandLineRunConfigurationType" factoryName="Dart Command Line Application">
      <method />
    </configuration>
    <configuration default="true" type="DartUnitRunConfigurationType" factoryName="DartUnit">
      <method />
    </configuration>
    <configuration default="true" type="JavaScriptTestRunnerKarma" factoryName="Karma" config-file="">
      <envs />
      <method />
    </configuration>
    <configuration default="true" type="JavascriptDebugType" factoryName="JavaScript Debug">
      <method />
    </configuration>
    <configuration default="true" type="JsTestDriver-test-runner" factoryName="JsTestDriver">
      <setting name="configLocationType" value="CONFIG_FILE" />
      <setting name="settingsFile" value="" />
      <setting name="serverType" value="INTERNAL" />
      <setting name="preferredDebugBrowser" value="Chrome" />
      <method />
    </configuration>
    <configuration default="true" type="NodeJSConfigurationType" factoryName="Node.js" working-dir="">
      <method />
    </configuration>
    <configuration default="true" type="cucumber.js" factoryName="Cucumber.js">
      <option name="cucumberJsArguments" value="" />
      <option name="executablePath" />
      <option name="filePath" />
      <method />
    </configuration>
    <configuration default="true" type="js.build_tools.gulp" factoryName="Gulp.js">
      <node-options />
      <gulpfile />
      <tasks />
      <arguments />
      <pass-parent-envs>true</pass-parent-envs>
      <envs />
      <method />
    </configuration>
  </component>
  <component name="ShelveChangesManager" show_recycled="false" />
  <component name="SvnConfiguration">
    <configuration />
  </component>
  <component name="TaskManager">
    <task active="true" id="Default" summary="Default task">
      <changelist id="e0c8517c-4cb8-4237-b0ab-5358043bdf8d" name="Default" comment="" />
      <created>1423613508691</created>
      <option name="number" value="Default" />
      <updated>1423613508691</updated>
    </task>
    <servers />
  </component>
  <component name="ToolWindowManager">
    <frame x="-9" y="-9" width="1932" height="1050" extended-state="0" />
    <editor active="false" />
    <layout>
      <window_info id="Project" active="false" anchor="left" auto_hide="false" internal_type="DOCKED" type="DOCKED" visible="true" weight="0.26786658" sideWeight="0.5" order="0" side_tool="false" content_ui="combo" />
      <window_info id="TODO" active="false" anchor="bottom" auto_hide="false" internal_type="DOCKED" type="DOCKED" visible="false" weight="0.33" sideWeight="0.5" order="6" side_tool="false" content_ui="tabs" />
      <window_info id="Event Log" active="false" anchor="bottom" auto_hide="false" internal_type="DOCKED" type="DOCKED" visible="false" weight="0.33" sideWeight="0.5" order="7" side_tool="true" content_ui="tabs" />
      <window_info id="Application Servers" active="false" anchor="bottom" auto_hide="false" internal_type="DOCKED" type="DOCKED" visible="false" weight="0.33" sideWeight="0.5" order="7" side_tool="false" content_ui="tabs" />
      <window_info id="Version Control" active="false" anchor="bottom" auto_hide="false" internal_type="DOCKED" type="DOCKED" visible="false" weight="0.33" sideWeight="0.5" order="7" side_tool="false" content_ui="tabs" />
      <window_info id="Run" active="false" anchor="bottom" auto_hide="false" internal_type="DOCKED" type="DOCKED" visible="false" weight="0.33" sideWeight="0.5" order="2" side_tool="false" content_ui="tabs" />
      <window_info id="Structure" active="false" anchor="left" auto_hide="false" internal_type="DOCKED" type="DOCKED" visible="false" weight="0.25" sideWeight="0.5" order="1" side_tool="false" content_ui="tabs" />
      <window_info id="Terminal" active="false" anchor="bottom" auto_hide="false" internal_type="DOCKED" type="DOCKED" visible="false" weight="0.33" sideWeight="0.5" order="7" side_tool="false" content_ui="tabs" />
      <window_info id="Favorites" active="false" anchor="left" auto_hide="false" internal_type="DOCKED" type="DOCKED" visible="false" weight="0.33" sideWeight="0.5" order="2" side_tool="true" content_ui="tabs" />
      <window_info id="Debug" active="false" anchor="bottom" auto_hide="false" internal_type="DOCKED" type="DOCKED" visible="false" weight="0.4" sideWeight="0.5" order="3" side_tool="false" content_ui="tabs" />
      <window_info id="Changes" active="false" anchor="bottom" auto_hide="false" internal_type="DOCKED" type="DOCKED" visible="false" weight="0.33" sideWeight="0.5" order="7" side_tool="false" content_ui="tabs" />
      <window_info id="Cvs" active="false" anchor="bottom" auto_hide="false" internal_type="DOCKED" type="DOCKED" visible="false" weight="0.25" sideWeight="0.5" order="4" side_tool="false" content_ui="tabs" />
      <window_info id="Message" active="false" anchor="bottom" auto_hide="false" internal_type="DOCKED" type="DOCKED" visible="false" weight="0.33" sideWeight="0.5" order="0" side_tool="false" content_ui="tabs" />
      <window_info id="Commander" active="false" anchor="right" auto_hide="false" internal_type="SLIDING" type="SLIDING" visible="false" weight="0.4" sideWeight="0.5" order="0" side_tool="false" content_ui="tabs" />
      <window_info id="Inspection" active="false" anchor="bottom" auto_hide="false" internal_type="DOCKED" type="DOCKED" visible="false" weight="0.4" sideWeight="0.5" order="5" side_tool="false" content_ui="tabs" />
      <window_info id="Hierarchy" active="false" anchor="right" auto_hide="false" internal_type="DOCKED" type="DOCKED" visible="false" weight="0.25" sideWeight="0.5" order="2" side_tool="false" content_ui="combo" />
      <window_info id="Find" active="false" anchor="bottom" auto_hide="false" internal_type="DOCKED" type="DOCKED" visible="false" weight="0.33" sideWeight="0.5" order="1" side_tool="false" content_ui="tabs" />
      <window_info id="Ant Build" active="false" anchor="right" auto_hide="false" internal_type="DOCKED" type="DOCKED" visible="false" weight="0.25" sideWeight="0.5" order="1" side_tool="false" content_ui="tabs" />
    </layout>
  </component>
  <component name="Vcs.Log.UiProperties">
    <option name="RECENTLY_FILTERED_USER_GROUPS">
      <collection />
    </option>
    <option name="RECENTLY_FILTERED_BRANCH_GROUPS">
      <collection />
    </option>
  </component>
  <component name="VcsContentAnnotationSettings">
    <option name="myLimit" value="2678400000" />
  </component>
  <component name="XDebuggerManager">
    <breakpoint-manager>
      <option name="time" value="1" />
    </breakpoint-manager>
    <watches-manager />
  </component>
  <component name="editorHistoryManager">
    <entry file="file://$PROJECT_DIR$/dialogs/payment.standard.authorizepayment.html">
      <provider selected="true" editor-type-id="text-editor">
        <state vertical-scroll-proportion="0.0">
          <caret line="0" column="113" selection-start-line="0" selection-start-column="113" selection-end-line="0" selection-end-column="113" />
          <folding>
            <element signature="n#div#1;n#div#0;n#!!top" expanded="false" />
            <element signature="n#div#2;n#div#0;n#!!top" expanded="false" />
            <element signature="n#div#3;n#div#0;n#!!top" expanded="false" />
          </folding>
        </state>
      </provider>
    </entry>
    <entry file="file://$PROJECT_DIR$/dialogs/braintree.payment.dialog.controllers.js">
      <provider selected="true" editor-type-id="text-editor">
        <state vertical-scroll-proportion="0.0">
          <caret line="0" column="0" selection-start-line="0" selection-start-column="0" selection-end-line="0" selection-end-column="0" />
          <folding>
            <element signature="e#5823#6757#0" expanded="false" />
          </folding>
        </state>
      </provider>
    </entry>
    <entry file="file://$PROJECT_DIR$/dialogs/payment.standard.authorizecapturepayment.html">
      <provider selected="true" editor-type-id="text-editor">
        <state vertical-scroll-proportion="0.0">
          <caret line="7" column="15" selection-start-line="7" selection-start-column="15" selection-end-line="7" selection-end-column="15" />
          <folding>
            <element signature="n#div#1;n#div#0;n#!!top" expanded="false" />
            <element signature="n#div#2;n#div#0;n#!!top" expanded="false" />
            <element signature="n#div#3;n#div#0;n#!!top" expanded="false" />
          </folding>
        </state>
      </provider>
    </entry>
    <entry file="file://$PROJECT_DIR$/dialogs/payment.standard.authorizepayment.html">
      <provider selected="true" editor-type-id="text-editor">
        <state vertical-scroll-proportion="0.0">
          <caret line="0" column="0" selection-start-line="0" selection-start-column="0" selection-end-line="0" selection-end-column="0" />
          <folding>
            <element signature="n#div#1;n#div#0;n#!!top" expanded="false" />
            <element signature="n#div#2;n#div#0;n#!!top" expanded="false" />
            <element signature="n#div#3;n#div#0;n#!!top" expanded="false" />
          </folding>
        </state>
      </provider>
    </entry>
    <entry file="file://$PROJECT_DIR$/dialogs/braintree.payment.dialog.controllers.js">
      <provider selected="true" editor-type-id="text-editor">
        <state vertical-scroll-proportion="0.0">
          <caret line="2" column="139" selection-start-line="2" selection-start-column="62" selection-end-line="2" selection-end-column="139" />
          <folding>
            <element signature="e#5823#6757#0" expanded="false" />
          </folding>
        </state>
      </provider>
    </entry>
    <entry file="file://$PROJECT_DIR$/merchello.plugins.braintree.module.js">
      <provider selected="true" editor-type-id="text-editor">
        <state vertical-scroll-proportion="0.0">
          <caret line="6" column="0" selection-start-line="6" selection-start-column="0" selection-end-line="6" selection-end-column="0" />
        </state>
      </provider>
    </entry>
    <entry file="file://$PROJECT_DIR$/merchello.plugins.braintree.providersettings.controller.js">
      <provider selected="true" editor-type-id="text-editor">
        <state vertical-scroll-proportion="0.0">
          <caret line="0" column="58" selection-start-line="0" selection-start-column="58" selection-end-line="0" selection-end-column="94" />
          <folding />
        </state>
      </provider>
    </entry>
    <entry file="file://$PROJECT_DIR$/merchello.plugins.braintree.models.js">
      <provider selected="true" editor-type-id="text-editor">
        <state vertical-scroll-proportion="0.0">
          <caret line="35" column="43" selection-start-line="35" selection-start-column="43" selection-end-line="35" selection-end-column="43" />
          <folding />
        </state>
      </provider>
    </entry>
    <entry file="file://$PROJECT_DIR$/package.manifest">
      <provider selected="true" editor-type-id="text-editor">
        <state vertical-scroll-proportion="0.0">
          <caret line="3" column="70" selection-start-line="3" selection-start-column="70" selection-end-line="3" selection-end-column="70" />
        </state>
      </provider>
    </entry>
    <entry file="file://$PROJECT_DIR$/merchello.plugins.braintree.providersettings.html">
      <provider selected="true" editor-type-id="text-editor">
        <state vertical-scroll-proportion="0.0">
          <caret line="0" column="0" selection-start-line="0" selection-start-column="0" selection-end-line="0" selection-end-column="0" />
        </state>
      </provider>
    </entry>
    <entry file="file://$PROJECT_DIR$/merchello.plugins.braintree.providersettings.html">
      <provider selected="true" editor-type-id="text-editor">
        <state vertical-scroll-proportion="0.0">
          <caret line="0" column="0" selection-start-line="0" selection-start-column="0" selection-end-line="0" selection-end-column="0" />
        </state>
      </provider>
    </entry>
    <entry file="file://$PROJECT_DIR$/merchello.plugins.braintree.providersettings.controller.js">
      <provider selected="true" editor-type-id="text-editor">
        <state vertical-scroll-proportion="0.0">
          <caret line="14" column="95" selection-start-line="14" selection-start-column="95" selection-end-line="14" selection-end-column="95" />
          <folding />
        </state>
      </provider>
    </entry>
    <entry file="file://$PROJECT_DIR$/merchello.plugins.braintree.providersettings.html">
      <provider selected="true" editor-type-id="text-editor">
        <state vertical-scroll-proportion="0.0">
          <caret line="0" column="0" selection-start-line="0" selection-start-column="0" selection-end-line="0" selection-end-column="0" />
        </state>
      </provider>
    </entry>
    <entry file="file://$PROJECT_DIR$/merchello.plugins.braintree.providersettings.controller.js">
      <provider selected="true" editor-type-id="text-editor">
        <state vertical-scroll-proportion="0.0">
          <caret line="14" column="95" selection-start-line="14" selection-start-column="95" selection-end-line="14" selection-end-column="95" />
          <folding />
        </state>
      </provider>
    </entry>
    <entry file="file://$PROJECT_DIR$/merchello.plugins.braintree.module.js">
      <provider selected="true" editor-type-id="text-editor">
        <state vertical-scroll-proportion="0.0">
          <caret line="1" column="20" selection-start-line="1" selection-start-column="20" selection-end-line="1" selection-end-column="47" />
        </state>
      </provider>
    </entry>
    <entry file="file://$PROJECT_DIR$/merchello.plugins.braintree.providersettings.html">
      <provider selected="true" editor-type-id="text-editor">
        <state vertical-scroll-proportion="0.0">
          <caret line="0" column="0" selection-start-line="0" selection-start-column="0" selection-end-line="0" selection-end-column="0" />
        </state>
      </provider>
    </entry>
    <entry file="file://$PROJECT_DIR$/merchello.plugins.braintree.providersettings.controller.js">
      <provider selected="true" editor-type-id="text-editor">
        <state vertical-scroll-proportion="0.0">
          <caret line="0" column="0" selection-start-line="0" selection-start-column="0" selection-end-line="0" selection-end-column="0" />
          <folding />
        </state>
      </provider>
    </entry>
    <entry file="file://$PROJECT_DIR$/merchello.plugins.braintree.models.js">
      <provider selected="true" editor-type-id="text-editor">
        <state vertical-scroll-proportion="0.0">
          <caret line="49" column="53" selection-start-line="49" selection-start-column="53" selection-end-line="49" selection-end-column="53" />
        </state>
      </provider>
    </entry>
    <entry file="file://$PROJECT_DIR$/package.manifest">
      <provider selected="true" editor-type-id="text-editor">
        <state vertical-scroll-proportion="0.0">
          <caret line="3" column="70" selection-start-line="3" selection-start-column="70" selection-end-line="3" selection-end-column="70" />
        </state>
      </provider>
    </entry>
    <entry file="file://$PROJECT_DIR$/merchello.plugins.braintree.providersettings.html">
      <provider selected="true" editor-type-id="text-editor">
        <state vertical-scroll-proportion="0.0">
          <caret line="0" column="126" selection-start-line="0" selection-start-column="126" selection-end-line="0" selection-end-column="126" />
        </state>
      </provider>
    </entry>
    <entry file="file://$PROJECT_DIR$/package.manifest">
      <provider selected="true" editor-type-id="text-editor">
        <state vertical-scroll-proportion="0.22766218">
          <caret line="6" column="82" selection-start-line="6" selection-start-column="82" selection-end-line="6" selection-end-column="82" />
        </state>
      </provider>
    </entry>
    <entry file="file://$PROJECT_DIR$/merchello.plugins.braintree.providersettings.controller.js">
      <provider selected="true" editor-type-id="text-editor">
        <state vertical-scroll-proportion="0.0">
          <caret line="0" column="16" selection-start-line="0" selection-start-column="16" selection-end-line="0" selection-end-column="43" />
          <folding />
        </state>
      </provider>
    </entry>
    <entry file="file://$PROJECT_DIR$/merchello.plugins.braintree.module.js">
      <provider selected="true" editor-type-id="text-editor">
        <state vertical-scroll-proportion="0.036817104">
          <caret line="1" column="20" selection-start-line="1" selection-start-column="20" selection-end-line="1" selection-end-column="47" />
        </state>
      </provider>
    </entry>
    <entry file="file://$PROJECT_DIR$/merchello.plugins.braintree.resources.js">
      <provider selected="true" editor-type-id="text-editor">
        <state vertical-scroll-proportion="0.33135393">
          <caret line="9" column="15" selection-start-line="9" selection-start-column="15" selection-end-line="9" selection-end-column="36" />
        </state>
      </provider>
    </entry>
    <entry file="file://$PROJECT_DIR$/dialogs/payment.standard.authorizepayment.html">
      <provider selected="true" editor-type-id="text-editor">
        <state vertical-scroll-proportion="-6.975">
          <caret line="78" column="10" selection-start-line="78" selection-start-column="10" selection-end-line="78" selection-end-column="10" />
          <folding>
            <element signature="n#div#1;n#div#0;n#!!top" expanded="false" />
            <element signature="n#div#2;n#div#0;n#!!top" expanded="false" />
            <element signature="n#div#3;n#div#0;n#!!top" expanded="false" />
          </folding>
        </state>
      </provider>
    </entry>
    <entry file="file://$PROJECT_DIR$/merchello.plugins.braintree.models.js">
      <provider selected="true" editor-type-id="text-editor">
        <state vertical-scroll-proportion="-0.2209026">
          <caret line="51" column="28" selection-start-line="51" selection-start-column="28" selection-end-line="51" selection-end-column="28" />
          <folding />
        </state>
      </provider>
    </entry>
    <entry file="file://$PROJECT_DIR$/dialogs/payment.standard.authorizecapturepayment.html">
      <provider selected="true" editor-type-id="text-editor">
        <state vertical-scroll-proportion="0.15461347">
          <caret line="4" column="0" selection-start-line="4" selection-start-column="0" selection-end-line="78" selection-end-column="10" />
          <folding>
            <element signature="n#div#1;n#div#0;n#!!top" expanded="false" />
            <element signature="n#div#2;n#div#0;n#!!top" expanded="false" />
            <element signature="n#div#3;n#div#0;n#!!top" expanded="false" />
          </folding>
        </state>
      </provider>
    </entry>
    <entry file="file://$PROJECT_DIR$/dialogs/payment.standard.refundpayment.html">
      <provider selected="true" editor-type-id="text-editor">
        <state vertical-scroll-proportion="0.38653368">
          <caret line="10" column="46" selection-start-line="10" selection-start-column="46" selection-end-line="10" selection-end-column="46" />
          <folding />
        </state>
      </provider>
    </entry>
    <entry file="file://$PROJECT_DIR$/dialogs/payment.standard.voidpayment.html">
      <provider selected="true" editor-type-id="text-editor">
        <state vertical-scroll-proportion="-6.975">
          <caret line="9" column="68" selection-start-line="9" selection-start-column="68" selection-end-line="9" selection-end-column="68" />
          <folding />
        </state>
      </provider>
    </entry>
    <entry file="file://$PROJECT_DIR$/dialogs/braintree.payment.dialog.controllers.js">
      <provider selected="true" editor-type-id="text-editor">
        <state vertical-scroll-proportion="0.70190024">
          <caret line="85" column="37" selection-start-line="85" selection-start-column="37" selection-end-line="85" selection-end-column="37" />
          <folding>
            <element signature="e#5823#6757#0" expanded="false" />
          </folding>
        </state>
      </provider>
    </entry>
    <entry file="file://$PROJECT_DIR$/dialogs/payment.standard.capturepayment.html">
      <provider selected="true" editor-type-id="text-editor">
        <state vertical-scroll-proportion="1.3528678">
          <caret line="35" column="56" selection-start-line="35" selection-start-column="56" selection-end-line="35" selection-end-column="56" />
          <folding />
        </state>
      </provider>
    </entry>
  </component>
</project>