<?xml version="1.0" encoding="UTF-8"?>
<project version="4">
  <component name="ChangeListManager">
    <list default="true" id="e0c8517c-4cb8-4237-b0ab-5358043bdf8d" name="Default" comment="">
      <change type="DELETED" beforePath="C:\Working Repositories\GitHub\Merchello\src\Merchello.Web.UI\App_Plugins\Merchello.AuthorizeNet\merchello.plugins.authorizenet.models.js" afterPath="" />
      <change type="DELETED" beforePath="C:\Working Repositories\GitHub\Merchello\src\Merchello.Web.UI\App_Plugins\Merchello.AuthorizeNet\merchello.plugins.authorizenet.module.js" afterPath="" />
      <change type="DELETED" beforePath="C:\Working Repositories\GitHub\Merchello\src\Merchello.Web.UI\App_Plugins\Merchello.AuthorizeNet\merchello.plugins.authorizenet.paymentmethod.controller.js" afterPath="" />
      <change type="DELETED" beforePath="C:\Working Repositories\GitHub\Merchello\src\Merchello.Web.UI\App_Plugins\Merchello.AuthorizeNet\merchello.plugins.authorizenet.providersettings.controller.js" afterPath="" />
      <change type="DELETED" beforePath="C:\Working Repositories\GitHub\Merchello\src\Merchello.Web.UI\bin\Merchello.Plugin.Payments.AuthorizeNet.dll" afterPath="" />
      <change type="DELETED" beforePath="C:\Working Repositories\GitHub\Merchello\src\Merchello.Web.UI\bin\Merchello.Plugin.Payments.AuthorizeNet.dll.config" afterPath="" />
      <change type="MODIFICATION" beforePath="$PROJECT_DIR$/../../../../../../../src/Merchello.Web.UI.Client/src/common/models/dialogdata/AddPaymentDialogData.model.js" afterPath="$PROJECT_DIR$/../../../../../../../src/Merchello.Web.UI.Client/src/common/models/dialogdata/AddPaymentDialogData.model.js" />
      <change type="MODIFICATION" beforePath="$PROJECT_DIR$/../../../../../../../src/Merchello.Web.UI.Client/src/views/sales/directives/addpaymenttable.directive.js" afterPath="$PROJECT_DIR$/../../../../../../../src/Merchello.Web.UI.Client/src/views/sales/directives/addpaymenttable.directive.js" />
      <change type="MODIFICATION" beforePath="$PROJECT_DIR$/dialogs/braintree.payment.dialog.controllers.js" afterPath="$PROJECT_DIR$/dialogs/braintree.payment.dialog.controllers.js" />
      <change type="MODIFICATION" beforePath="$PROJECT_DIR$/../../../../../../../src/Merchello.Web.UI.Client/src/views/gatewayproviders/gatewayproviderlist.controller.js" afterPath="$PROJECT_DIR$/../../../../../../../src/Merchello.Web.UI.Client/src/views/gatewayproviders/gatewayproviderlist.controller.js" />
      <change type="MODIFICATION" beforePath="$PROJECT_DIR$/../../../../../../../src/Merchello.Web.UI/App_Plugins/Merchello/js/merchello.controllers.js" afterPath="$PROJECT_DIR$/../../../../../../../src/Merchello.Web.UI/App_Plugins/Merchello/js/merchello.controllers.js" />
      <change type="MODIFICATION" beforePath="$PROJECT_DIR$/../../../../../../../src/Merchello.Web.UI/App_Plugins/Merchello/js/merchello.directives.js" afterPath="$PROJECT_DIR$/../../../../../../../src/Merchello.Web.UI/App_Plugins/Merchello/js/merchello.directives.js" />
      <change type="MODIFICATION" beforePath="$PROJECT_DIR$/../../../../../../../src/Merchello.Web.UI.Client/src/views/sales/saleoverview.controller.js" afterPath="$PROJECT_DIR$/../../../../../../../src/Merchello.Web.UI.Client/src/views/sales/saleoverview.controller.js" />
      <change type="MODIFICATION" beforePath="$PROJECT_DIR$/../../../../../../../src/Merchello.Web.UI.Client/src/views/sales/saleoverview.html" afterPath="$PROJECT_DIR$/../../../../../../../src/Merchello.Web.UI.Client/src/views/sales/saleoverview.html" />
      <change type="MODIFICATION" beforePath="$PROJECT_DIR$/../../../../../../../src/Merchello.Web.UI/App_Plugins/Merchello/Backoffice/Merchello/saleoverview.html" afterPath="$PROJECT_DIR$/../../../../../../../src/Merchello.Web.UI/App_Plugins/Merchello/Backoffice/Merchello/saleoverview.html" />
      <change type="MODIFICATION" beforePath="$PROJECT_DIR$/.idea/workspace.xml" afterPath="$PROJECT_DIR$/.idea/workspace.xml" />
    </list>
    <ignored path="Merchello.Braintree.iws" />
    <ignored path=".idea/workspace.xml" />
    <option name="EXCLUDED_CONVERTED_TO_IGNORED" value="true" />
    <option name="TRACKING_ENABLED" value="true" />
    <option name="SHOW_DIALOG" value="false" />
    <option name="HIGHLIGHT_CONFLICTS" value="true" />
    <option name="HIGHLIGHT_NON_ACTIVE_CHANGELIST" value="false" />
    <option name="LAST_RESOLUTION" value="IGNORE" />
  </component>
  <component name="ChangesViewManager" flattened_view="true" show_ignored="false" />
  <component name="CreatePatchCommitExecutor">
    <option name="PATCH_PATH" value="" />
  </component>
  <component name="ExecutionTargetManager" SELECTED_TARGET="default_target" />
  <component name="FavoritesManager">
    <favorites_list name="Merchello.Braintree" />
  </component>
  <component name="FileEditorManager">
    <leaf>
      <file leaf-file-name="braintree.payment.dialog.controllers.js" pinned="false" current-in-tab="true">
        <entry file="file://$PROJECT_DIR$/dialogs/braintree.payment.dialog.controllers.js">
          <provider selected="true" editor-type-id="text-editor">
            <state vertical-scroll-proportion="0.33135393">
              <caret line="75" column="40" selection-start-line="75" selection-start-column="40" selection-end-line="75" selection-end-column="40" />
              <folding />
            </state>
          </provider>
        </entry>
      </file>
    </leaf>
  </component>
  <component name="FileTemplateManagerImpl">
    <option name="RECENT_TEMPLATES">
      <list>
        <option value="Html5" />
        <option value="JavaScript File" />
      </list>
    </option>
  </component>
  <component name="Git.Settings">
    <option name="RECENT_GIT_ROOT_PATH" value="$PROJECT_DIR$/../../../../../../.." />
  </component>
  <component name="IdeDocumentHistory">
    <option name="CHANGED_PATHS">
      <list>
        <option value="$PROJECT_DIR$/payment.braintree.models.js" />
        <option value="$PROJECT_DIR$/dialogs/payment.braintree.standardmethod.authorizepayment.html" />
        <option value="$PROJECT_DIR$/dialogs/payment.braintree.standardmethod.authorizepayment.controller.js" />
        <option value="$PROJECT_DIR$/payment.braintree.providersettings.html" />
        <option value="$PROJECT_DIR$/payment.braintree.module.js" />
        <option value="$PROJECT_DIR$/payment.braintree.providersettings.controller.js" />
        <option value="$PROJECT_DIR$/dialogs/payment.standard.refundpayment.html" />
        <option value="$PROJECT_DIR$/dialogs/braintree.standard.authorizecapturepayment.html" />
        <option value="$PROJECT_DIR$/braintree.services.js" />
        <option value="$PROJECT_DIR$/package.manifest" />
        <option value="$PROJECT_DIR$/merchello.plugins.braintree.services.js" />
        <option value="$PROJECT_DIR$/merchello.plugins.braintree.resources.js" />
        <option value="$PROJECT_DIR$/merchello.plugins.braintree.models.js" />
        <option value="$PROJECT_DIR$/dialogs/payment.standard.authorizecapturepayment.html" />
        <option value="$PROJECT_DIR$/dialogs/payment.standard.authorizepayment.html" />
        <option value="$PROJECT_DIR$/dialogs/payment.standard.voidpayment.html" />
        <option value="$PROJECT_DIR$/dialogs/payment.standard.capturepayment.html" />
        <option value="$PROJECT_DIR$/dialogs/braintree.payment.dialog.controllers.js" />
      </list>
    </option>
  </component>
  <component name="JsBuildToolGruntFileManager" detection-done="true" />
  <component name="JsGulpfileManager">
    <detection-done>true</detection-done>
  </component>
  <component name="NamedScopeManager">
    <order />
  </component>
  <component name="ProjectFrameBounds">
    <option name="x" value="-9" />
    <option name="y" value="-9" />
    <option name="width" value="1932" />
    <option name="height" value="1050" />
  </component>
  <component name="ProjectLevelVcsManager" settingsEditedManually="true">
    <OptionsSetting value="true" id="Add" />
    <OptionsSetting value="true" id="Remove" />
    <OptionsSetting value="true" id="Checkout" />
    <OptionsSetting value="true" id="Update" />
    <OptionsSetting value="true" id="Status" />
    <OptionsSetting value="true" id="Edit" />
    <ConfirmationsSetting value="1" id="Add" />
    <ConfirmationsSetting value="0" id="Remove" />
  </component>
  <component name="ProjectView">
    <navigator currentView="ProjectPane" proportions="" version="1">
      <flattenPackages />
      <showMembers />
      <showModules />
      <showLibraryContents />
      <hideEmptyPackages />
      <abbreviatePackageNames />
      <autoscrollToSource />
      <autoscrollFromSource />
      <sortByType />
    </navigator>
    <panes>
      <pane id="ProjectPane">
        <subPane>
          <PATH>
            <PATH_ELEMENT>
              <option name="myItemId" value="Merchello.Braintree" />
              <option name="myItemType" value="com.intellij.ide.projectView.impl.nodes.ProjectViewProjectNode" />
            </PATH_ELEMENT>
          </PATH>
          <PATH>
            <PATH_ELEMENT>
              <option name="myItemId" value="Merchello.Braintree" />
              <option name="myItemType" value="com.intellij.ide.projectView.impl.nodes.ProjectViewProjectNode" />
            </PATH_ELEMENT>
            <PATH_ELEMENT>
              <option name="myItemId" value="Merchello.Braintree" />
              <option name="myItemType" value="com.intellij.ide.projectView.impl.nodes.PsiDirectoryNode" />
            </PATH_ELEMENT>
          </PATH>
          <PATH>
            <PATH_ELEMENT>
              <option name="myItemId" value="Merchello.Braintree" />
              <option name="myItemType" value="com.intellij.ide.projectView.impl.nodes.ProjectViewProjectNode" />
            </PATH_ELEMENT>
            <PATH_ELEMENT>
              <option name="myItemId" value="Merchello.Braintree" />
              <option name="myItemType" value="com.intellij.ide.projectView.impl.nodes.PsiDirectoryNode" />
            </PATH_ELEMENT>
            <PATH_ELEMENT>
              <option name="myItemId" value="dialogs" />
              <option name="myItemType" value="com.intellij.ide.projectView.impl.nodes.PsiDirectoryNode" />
            </PATH_ELEMENT>
          </PATH>
        </subPane>
      </pane>
      <pane id="Scope" />
      <pane id="Scratches" />
    </panes>
  </component>
  <component name="PropertiesComponent">
    <property name="WebServerToolWindowFactoryState" value="false" />
    <property name="last_opened_file_path" value="$PROJECT_DIR$" />
    <property name="HbShouldOpenHtmlAsHb" value="" />
    <property name="FullScreen" value="false" />
    <property name="DefaultHtmlFileTemplate" value="Html5" />
  </component>
  <component name="RecentsManager">
    <key name="CopyFile.RECENT_KEYS">
      <recent name="C:\Working Repositories\GitHub\Merchello\Plugin\Payments\BrainTree\src\Merchello.Plugin.Payments.BrainTree\App_Plugins\Merchello.Braintree\dialogs" />
    </key>
  </component>
  <component name="RunManager">
    <configuration default="true" type="DartCommandLineRunConfigurationType" factoryName="Dart Command Line Application">
      <method />
    </configuration>
    <configuration default="true" type="DartUnitRunConfigurationType" factoryName="DartUnit">
      <method />
    </configuration>
    <configuration default="true" type="JavaScriptTestRunnerKarma" factoryName="Karma" config-file="">
      <envs />
      <method />
    </configuration>
    <configuration default="true" type="JavascriptDebugType" factoryName="JavaScript Debug">
      <method />
    </configuration>
    <configuration default="true" type="JsTestDriver-test-runner" factoryName="JsTestDriver">
      <setting name="configLocationType" value="CONFIG_FILE" />
      <setting name="settingsFile" value="" />
      <setting name="serverType" value="INTERNAL" />
      <setting name="preferredDebugBrowser" value="Chrome" />
      <method />
    </configuration>
    <configuration default="true" type="NodeJSConfigurationType" factoryName="Node.js" working-dir="">
      <method />
    </configuration>
    <configuration default="true" type="cucumber.js" factoryName="Cucumber.js">
      <option name="cucumberJsArguments" value="" />
      <option name="executablePath" />
      <option name="filePath" />
      <method />
    </configuration>
    <configuration default="true" type="js.build_tools.gulp" factoryName="Gulp.js">
      <node-options />
      <gulpfile />
      <tasks />
      <arguments />
      <pass-parent-envs>true</pass-parent-envs>
      <envs />
      <method />
    </configuration>
  </component>
  <component name="ShelveChangesManager" show_recycled="false" />
  <component name="SvnConfiguration">
    <configuration />
  </component>
  <component name="TaskManager">
    <task active="true" id="Default" summary="Default task">
      <changelist id="e0c8517c-4cb8-4237-b0ab-5358043bdf8d" name="Default" comment="" />
      <created>1423613508691</created>
      <option name="number" value="Default" />
      <updated>1423613508691</updated>
    </task>
    <servers />
  </component>
  <component name="ToolWindowManager">
    <frame x="-9" y="-9" width="1932" height="1050" extended-state="0" />
    <editor active="true" />
    <layout>
      <window_info id="Project" active="false" anchor="left" auto_hide="false" internal_type="DOCKED" type="DOCKED" visible="true" weight="0.26680782" sideWeight="0.5" order="0" side_tool="false" content_ui="combo" />
      <window_info id="TODO" active="false" anchor="bottom" auto_hide="false" internal_type="DOCKED" type="DOCKED" visible="false" weight="0.33" sideWeight="0.5" order="6" side_tool="false" content_ui="tabs" />
      <window_info id="Event Log" active="false" anchor="bottom" auto_hide="false" internal_type="DOCKED" type="DOCKED" visible="false" weight="0.33" sideWeight="0.5" order="7" side_tool="true" content_ui="tabs" />
      <window_info id="Application Servers" active="false" anchor="bottom" auto_hide="false" internal_type="DOCKED" type="DOCKED" visible="false" weight="0.33" sideWeight="0.5" order="7" side_tool="false" content_ui="tabs" />
      <window_info id="Version Control" active="false" anchor="bottom" auto_hide="false" internal_type="DOCKED" type="DOCKED" visible="false" weight="0.33" sideWeight="0.5" order="7" side_tool="false" content_ui="tabs" />
      <window_info id="Run" active="false" anchor="bottom" auto_hide="false" internal_type="DOCKED" type="DOCKED" visible="false" weight="0.33" sideWeight="0.5" order="2" side_tool="false" content_ui="tabs" />
      <window_info id="Structure" active="false" anchor="left" auto_hide="false" internal_type="DOCKED" type="DOCKED" visible="false" weight="0.25" sideWeight="0.5" order="1" side_tool="false" content_ui="tabs" />
      <window_info id="Terminal" active="false" anchor="bottom" auto_hide="false" internal_type="DOCKED" type="DOCKED" visible="false" weight="0.33" sideWeight="0.5" order="7" side_tool="false" content_ui="tabs" />
      <window_info id="Favorites" active="false" anchor="left" auto_hide="false" internal_type="DOCKED" type="DOCKED" visible="false" weight="0.33" sideWeight="0.5" order="2" side_tool="true" content_ui="tabs" />
      <window_info id="Debug" active="false" anchor="bottom" auto_hide="false" internal_type="DOCKED" type="DOCKED" visible="false" weight="0.4" sideWeight="0.5" order="3" side_tool="false" content_ui="tabs" />
      <window_info id="Changes" active="false" anchor="bottom" auto_hide="false" internal_type="DOCKED" type="DOCKED" visible="false" weight="0.33" sideWeight="0.5" order="7" side_tool="false" content_ui="tabs" />
      <window_info id="Cvs" active="false" anchor="bottom" auto_hide="false" internal_type="DOCKED" type="DOCKED" visible="false" weight="0.25" sideWeight="0.5" order="4" side_tool="false" content_ui="tabs" />
      <window_info id="Message" active="false" anchor="bottom" auto_hide="false" internal_type="DOCKED" type="DOCKED" visible="false" weight="0.33" sideWeight="0.5" order="0" side_tool="false" content_ui="tabs" />
      <window_info id="Commander" active="false" anchor="right" auto_hide="false" internal_type="SLIDING" type="SLIDING" visible="false" weight="0.4" sideWeight="0.5" order="0" side_tool="false" content_ui="tabs" />
      <window_info id="Inspection" active="false" anchor="bottom" auto_hide="false" internal_type="DOCKED" type="DOCKED" visible="false" weight="0.4" sideWeight="0.5" order="5" side_tool="false" content_ui="tabs" />
      <window_info id="Hierarchy" active="false" anchor="right" auto_hide="false" internal_type="DOCKED" type="DOCKED" visible="false" weight="0.25" sideWeight="0.5" order="2" side_tool="false" content_ui="combo" />
      <window_info id="Find" active="false" anchor="bottom" auto_hide="false" internal_type="DOCKED" type="DOCKED" visible="false" weight="0.33" sideWeight="0.5" order="1" side_tool="false" content_ui="tabs" />
      <window_info id="Ant Build" active="false" anchor="right" auto_hide="false" internal_type="DOCKED" type="DOCKED" visible="false" weight="0.25" sideWeight="0.5" order="1" side_tool="false" content_ui="tabs" />
    </layout>
  </component>
  <component name="Vcs.Log.UiProperties">
    <option name="RECENTLY_FILTERED_USER_GROUPS">
      <collection />
    </option>
    <option name="RECENTLY_FILTERED_BRANCH_GROUPS">
      <collection />
    </option>
  </component>
  <component name="VcsContentAnnotationSettings">
    <option name="myLimit" value="2678400000" />
  </component>
  <component name="XDebuggerManager">
    <breakpoint-manager>
      <option name="time" value="1" />
    </breakpoint-manager>
    <watches-manager />
  </component>
  <component name="editorHistoryManager">
    <entry file="file://$PROJECT_DIR$/package.manifest">
      <provider selected="true" editor-type-id="text-editor">
        <state vertical-scroll-proportion="0.0">
          <caret line="3" column="70" selection-start-line="3" selection-start-column="70" selection-end-line="3" selection-end-column="70" />
        </state>
      </provider>
    </entry>
    <entry file="file://$PROJECT_DIR$/package.manifest">
      <provider selected="true" editor-type-id="text-editor">
        <state vertical-scroll-proportion="0.0">
          <caret line="3" column="70" selection-start-line="3" selection-start-column="70" selection-end-line="3" selection-end-column="70" />
        </state>
      </provider>
    </entry>
    <entry file="file://$PROJECT_DIR$/package.manifest">
      <provider selected="true" editor-type-id="text-editor">
        <state vertical-scroll-proportion="0.22766218">
          <caret line="6" column="82" selection-start-line="6" selection-start-column="82" selection-end-line="6" selection-end-column="82" />
        </state>
      </provider>
    </entry>
    <entry file="file://$PROJECT_DIR$/dialogs/braintree.payment.dialog.controllers.js">
      <provider selected="true" editor-type-id="text-editor">
        <state vertical-scroll-proportion="0.33135393">
          <caret line="75" column="40" selection-start-line="75" selection-start-column="40" selection-end-line="75" selection-end-column="40" />
          <folding />
        </state>
      </provider>
    </entry>
  </component>
</project>