<?xml version="1.0" encoding="UTF-8"?>
<project version="4">
  <component name="ChangeListManager">
    <list default="true" id="d5269fef-7162-43b9-82f2-ade4f6d7922f" name="Default" comment="" />
    <ignored path="Merchello.AuthorizeNet.iws" />
    <ignored path=".idea/workspace.xml" />
    <option name="EXCLUDED_CONVERTED_TO_IGNORED" value="true" />
    <option name="TRACKING_ENABLED" value="true" />
    <option name="SHOW_DIALOG" value="false" />
    <option name="HIGHLIGHT_CONFLICTS" value="true" />
    <option name="HIGHLIGHT_NON_ACTIVE_CHANGELIST" value="false" />
    <option name="LAST_RESOLUTION" value="IGNORE" />
  </component>
  <component name="ChangesViewManager" flattened_view="true" show_ignored="false" />
  <component name="CreatePatchCommitExecutor">
    <option name="PATCH_PATH" value="" />
  </component>
  <component name="ExecutionTargetManager" SELECTED_TARGET="default_target" />
  <component name="FavoritesManager">
    <favorites_list name="Merchello.AuthorizeNet" />
  </component>
  <component name="FileEditorManager">
    <leaf>
      <file leaf-file-name="payment.authorizenet.models.js" pinned="false" current-in-tab="false">
        <entry file="file://$PROJECT_DIR$/payment.authorizenet.models.js">
          <provider selected="true" editor-type-id="text-editor">
            <state vertical-scroll-proportion="0.0">
              <caret line="0" column="0" selection-start-line="0" selection-start-column="0" selection-end-line="0" selection-end-column="0" />
              <folding />
            </state>
          </provider>
        </entry>
      </file>
      <file leaf-file-name="payment.authorizenet.module.js" pinned="false" current-in-tab="false">
        <entry file="file://$PROJECT_DIR$/payment.authorizenet.module.js">
          <provider selected="true" editor-type-id="text-editor">
            <state vertical-scroll-proportion="0.0">
              <caret line="0" column="0" selection-start-line="0" selection-start-column="0" selection-end-line="0" selection-end-column="0" />
              <folding />
            </state>
          </provider>
        </entry>
      </file>
      <file leaf-file-name="payment.authorizenet.paymentmethod.controller.js" pinned="false" current-in-tab="true">
        <entry file="file://$PROJECT_DIR$/payment.authorizenet.paymentmethod.controller.js">
          <provider selected="true" editor-type-id="text-editor">
            <state vertical-scroll-proportion="0.0">
              <caret line="0" column="0" selection-start-line="0" selection-start-column="0" selection-end-line="0" selection-end-column="0" />
              <folding />
            </state>
          </provider>
        </entry>
      </file>
    </leaf>
  </component>
  <component name="JsBuildToolGruntFileManager" detection-done="true" />
  <component name="JsGulpfileManager">
    <detection-done>true</detection-done>
  </component>
  <component name="NamedScopeManager">
    <order />
  </component>
  <component name="ProjectFrameBounds">
    <option name="x" value="-9" />
    <option name="y" value="-9" />
    <option name="width" value="1938" />
    <option name="height" value="1050" />
  </component>
  <component name="ProjectLevelVcsManager" settingsEditedManually="false">
    <OptionsSetting value="true" id="Add" />
    <OptionsSetting value="true" id="Remove" />
    <OptionsSetting value="true" id="Checkout" />
    <OptionsSetting value="true" id="Update" />
    <OptionsSetting value="true" id="Status" />
    <OptionsSetting value="true" id="Edit" />
    <ConfirmationsSetting value="0" id="Add" />
    <ConfirmationsSetting value="0" id="Remove" />
  </component>
  <component name="ProjectView">
    <navigator currentView="ProjectPane" proportions="" version="1">
      <flattenPackages />
      <showMembers />
      <showModules />
      <showLibraryContents />
      <hideEmptyPackages />
      <abbreviatePackageNames />
      <autoscrollToSource />
      <autoscrollFromSource />
      <sortByType />
    </navigator>
    <panes>
      <pane id="Scratches" />
      <pane id="Scope" />
      <pane id="ProjectPane">
        <subPane>
          <PATH>
            <PATH_ELEMENT>
              <option name="myItemId" value="Merchello.AuthorizeNet" />
              <option name="myItemType" value="com.intellij.ide.projectView.impl.nodes.ProjectViewProjectNode" />
            </PATH_ELEMENT>
          </PATH>
          <PATH>
            <PATH_ELEMENT>
              <option name="myItemId" value="Merchello.AuthorizeNet" />
              <option name="myItemType" value="com.intellij.ide.projectView.impl.nodes.ProjectViewProjectNode" />
            </PATH_ELEMENT>
            <PATH_ELEMENT>
              <option name="myItemId" value="Merchello.AuthorizeNet" />
              <option name="myItemType" value="com.intellij.ide.projectView.impl.nodes.PsiDirectoryNode" />
            </PATH_ELEMENT>
          </PATH>
        </subPane>
      </pane>
    </panes>
  </component>
  <component name="PropertiesComponent">
    <property name="last_opened_file_path" value="$PROJECT_DIR$" />
    <property name="WebServerToolWindowFactoryState" value="false" />
    <property name="HbShouldOpenHtmlAsHb" value="" />
  </component>
  <component name="RunManager">
    <configuration default="true" type="DartCommandLineRunConfigurationType" factoryName="Dart Command Line Application">
      <method />
    </configuration>
    <configuration default="true" type="DartUnitRunConfigurationType" factoryName="DartUnit">
      <method />
    </configuration>
    <configuration default="true" type="JSTestDriver:ConfigurationType" factoryName="JsTestDriver">
      <setting name="configLocationType" value="CONFIG_FILE" />
      <setting name="settingsFile" value="" />
      <setting name="serverType" value="INTERNAL" />
      <setting name="preferredDebugBrowser" value="Chrome" />
      <method />
    </configuration>
    <configuration default="true" type="JavaScriptTestRunnerKarma" factoryName="Karma" config-file="">
      <envs />
      <method />
    </configuration>
    <configuration default="true" type="JavascriptDebugType" factoryName="JavaScript Debug">
      <method />
    </configuration>
    <configuration default="true" type="NodeJSConfigurationType" factoryName="Node.js" working-dir="">
      <method />
    </configuration>
    <configuration default="true" type="cucumber.js" factoryName="Cucumber.js">
      <option name="cucumberJsArguments" value="" />
      <option name="executablePath" />
      <option name="filePath" />
      <method />
    </configuration>
    <configuration default="true" type="js.build_tools.gulp" factoryName="Gulp.js">
      <method />
    </configuration>
  </component>
  <component name="ShelveChangesManager" show_recycled="false" />
  <component name="TaskManager">
    <task active="true" id="Default" summary="Default task">
      <changelist id="d5269fef-7162-43b9-82f2-ade4f6d7922f" name="Default" comment="" />
      <created>1428342417901</created>
      <option name="number" value="Default" />
      <updated>1428342417901</updated>
    </task>
    <servers />
  </component>
  <component name="ToolWindowManager">
    <frame x="-9" y="-9" width="1938" height="1050" extended-state="0" />
    <editor active="false" />
    <layout>
      <window_info id="Project" active="true" anchor="left" auto_hide="false" internal_type="DOCKED" type="DOCKED" visible="true" weight="0.24960423" sideWeight="0.5" order="0" side_tool="false" content_ui="combo" />
      <window_info id="TODO" active="false" anchor="bottom" auto_hide="false" internal_type="DOCKED" type="DOCKED" visible="false" weight="0.33" sideWeight="0.5" order="6" side_tool="false" content_ui="tabs" />
      <window_info id="Event Log" active="false" anchor="bottom" auto_hide="false" internal_type="DOCKED" type="DOCKED" visible="false" weight="0.33" sideWeight="0.5" order="-1" side_tool="true" content_ui="tabs" />
      <window_info id="Application Servers" active="false" anchor="bottom" auto_hide="false" internal_type="DOCKED" type="DOCKED" visible="false" weight="0.33" sideWeight="0.5" order="-1" side_tool="false" content_ui="tabs" />
      <window_info id="Version Control" active="false" anchor="bottom" auto_hide="false" internal_type="DOCKED" type="DOCKED" visible="false" weight="0.33" sideWeight="0.5" order="-1" side_tool="false" content_ui="tabs" />
      <window_info id="Structure" active="false" anchor="left" auto_hide="false" internal_type="DOCKED" type="DOCKED" visible="false" weight="0.25" sideWeight="0.5" order="1" side_tool="false" content_ui="tabs" />
      <window_info id="Terminal" active="false" anchor="bottom" auto_hide="false" internal_type="DOCKED" type="DOCKED" visible="false" weight="0.33" sideWeight="0.5" order="-1" side_tool="false" content_ui="tabs" />
      <window_info id="Favorites" active="false" anchor="left" auto_hide="false" internal_type="DOCKED" type="DOCKED" visible="false" weight="0.33" sideWeight="0.5" order="-1" side_tool="true" content_ui="tabs" />
      <window_info id="Cvs" active="false" anchor="bottom" auto_hide="false" internal_type="DOCKED" type="DOCKED" visible="false" weight="0.25" sideWeight="0.5" order="4" side_tool="false" content_ui="tabs" />
      <window_info id="Hierarchy" active="false" anchor="right" auto_hide="false" internal_type="DOCKED" type="DOCKED" visible="false" weight="0.25" sideWeight="0.5" order="2" side_tool="false" content_ui="combo" />
      <window_info id="Message" active="false" anchor="bottom" auto_hide="false" internal_type="DOCKED" type="DOCKED" visible="false" weight="0.33" sideWeight="0.5" order="0" side_tool="false" content_ui="tabs" />
      <window_info id="Commander" active="false" anchor="right" auto_hide="false" internal_type="SLIDING" type="SLIDING" visible="false" weight="0.4" sideWeight="0.5" order="0" side_tool="false" content_ui="tabs" />
      <window_info id="Find" active="false" anchor="bottom" auto_hide="false" internal_type="DOCKED" type="DOCKED" visible="false" weight="0.33" sideWeight="0.5" order="1" side_tool="false" content_ui="tabs" />
      <window_info id="Inspection" active="false" anchor="bottom" auto_hide="false" internal_type="DOCKED" type="DOCKED" visible="false" weight="0.4" sideWeight="0.5" order="5" side_tool="false" content_ui="tabs" />
      <window_info id="Run" active="false" anchor="bottom" auto_hide="false" internal_type="DOCKED" type="DOCKED" visible="false" weight="0.33" sideWeight="0.5" order="2" side_tool="false" content_ui="tabs" />
      <window_info id="Ant Build" active="false" anchor="right" auto_hide="false" internal_type="DOCKED" type="DOCKED" visible="false" weight="0.25" sideWeight="0.5" order="1" side_tool="false" content_ui="tabs" />
      <window_info id="Debug" active="false" anchor="bottom" auto_hide="false" internal_type="DOCKED" type="DOCKED" visible="false" weight="0.4" sideWeight="0.5" order="3" side_tool="false" content_ui="tabs" />
    </layout>
  </component>
  <component name="VcsContentAnnotationSettings">
    <option name="myLimit" value="2678400000" />
  </component>
  <component name="VcsManagerConfiguration">
    <ignored-roots>
      <path value="$PROJECT_DIR$/../../../../../../.." />
    </ignored-roots>
  </component>
  <component name="XDebuggerManager">
    <breakpoint-manager />
    <watches-manager />
  </component>
  <component name="editorHistoryManager">
    <entry file="file://$PROJECT_DIR$/payment.authorizenet.models.js">
      <provider selected="true" editor-type-id="text-editor">
        <state vertical-scroll-proportion="0.0">
          <caret line="0" column="0" selection-start-line="0" selection-start-column="0" selection-end-line="0" selection-end-column="0" />
          <folding />
        </state>
      </provider>
    </entry>
    <entry file="file://$PROJECT_DIR$/payment.authorizenet.module.js">
      <provider selected="true" editor-type-id="text-editor">
        <state vertical-scroll-proportion="0.0">
          <caret line="0" column="0" selection-start-line="0" selection-start-column="0" selection-end-line="0" selection-end-column="0" />
          <folding />
        </state>
      </provider>
    </entry>
    <entry file="file://$PROJECT_DIR$/payment.authorizenet.paymentmethod.controller.js">
      <provider selected="true" editor-type-id="text-editor">
        <state vertical-scroll-proportion="0.0">
          <caret line="0" column="0" selection-start-line="0" selection-start-column="0" selection-end-line="0" selection-end-column="0" />
          <folding />
        </state>
      </provider>
    </entry>
  </component>
</project>