﻿<?xml version="1.0" encoding="utf-8" standalone="yes"?>
<language alias="en_us" intName="English (US)" localName="English (US)" lcid="" culture="en-US">
  <area alias="merchelloButtons">
    <key alias="void">Void</key>
    <key alias="refund">Refund</key>
    <key alias="delete">Delete</key>
    <key alias="select">Select</key>
  </area>
  <area alias="merchelloHeadline">
    <key alias="catalog">Catalog</key>
  </area>
  <area alias="merchelloTableCaptions">
    <key alias="name">Name</key>
    <key alias="alias">Alias</key>
    <key alias="startDate">Start Date</key>
    <key alias="endDate">End Date</key>
    <key alias="active">Active</key>
  </area>
    <area alias="merchelloMarketing">
      <key alias="currentOffers">Current Offers</key>
      <key alias="offerCode">Offer Code</key>
      <key alias="newOffer">New Offer</key>
      <key alias="noOffer">No current offers</key>
      <key alias="newOfferPrompt">You have not offered your customers any special offers.  Why not create one?</key>
      <key alias="offerInfo">Offer Settings</key>
      <key alias="configOffer">Configure this offer</key>
      <key alias="offerType">Type of Offer</key>
      <key alias="mustUniqueOfferCode">Offer codes must be unique.</key>
      <key alias="offerSetExpires">This offer is only valid for specific dates.</key>
      <key alias="offerNeverExpires">Does not expire.</key>
      <key alias="offerValidDates">Offer Valid Dates</key>
      <key alias="offerValidDatesInfo">Set the dates for which this offer is valid.</key>
      <key alias="offerConstraintsInfo">Constraints</key>
      <key alias="offerConstraintsConfig">Configure constraints associated with this offer.</key>
      <key alias="offerRewardsInfo">Rewards</key>
      <key alias="offerRewardsConfig">Configure rewards associated with this offer.</key>
    </area>
  <area alias="merchelloVariant">
    <!-- things -->
    <key alias="product">Product</key>
    <key alias="variant">Variant</key>
    <key alias="sku">SKU</key>
    <key alias="baseSku">Base Sku</key>
    <key alias="barcode">Barcode</key>sel
    <key alias="manufacturer">Manufacturer</key>
    <key alias="manufacturerModel">Manufacturer's Model No.</key>
    <key alias="variantInfo">Variant Information</key>
    <key alias="variantOptions">Variant Options</key>
    <key alias="downloads">Digital Downloads</key>
    <key alias="optionName">Option Name</key>
    <key alias="optionValues">Option Values</key>
    <!-- actions -->
    <key alias="newProduct">New Product</key>
    <key alias="createProduct">Create a Product</key>
    <key alias="createProductSub">The Name field (above), Price, and SKU are required.  Everything else is optional.</key>
    <key alias="newVariant">New Variant</key>
    <key alias="newVariantFor">New Variant for</key>
    <key alias="newVariantOn">This will be a new variant on the</key>
    <key alias="addVariant">Add a Variant</key>
    <key alias="addVariantSub">This will be a new variant on the %0% product.</key>
    <key alias="addOption">Add Another Option</key>
    <key alias="addOptions">Add options to this variant and auto-populate additional variants for each option</key>
    <key alias="deleteProduct">Delete Product</key>
    <key alias="deleteVariant">Delete Variant</key>
    <key alias="toggleOnSale">On Sale</key>
    <key alias="toggleAvailable">Available</key>
    <key alias="configVariant">Configure this variant</key>
    <key alias="selectVariantOptions">Select the variant/options that you would like to create.</key>
    <key alias="addFile">Add a file to your product variant</key>
    <key alias="trackInventory">Track inventory for this variant</key>
    <key alias="setInventoryPreferences">Set preferences for handling out of stock and adjust inventory for this variant</key>
    <!-- phrases -->
    <key alias="barcodeExamples">e.g. UPC, ISBN</key>
    <key alias="optionNameExamples">(e.g. Size, Style, Color)</key>
    <key alias="optionValueExamples">(e.g. red, green, blue)</key>
    <key alias="hasDigitalDownload">This variant has digital goods</key>
    <key alias="hasOptions">This variant has options (like size or color)</key>
    <key alias="isTaxable">This variant is taxable</key>
    <key alias="isShippable">This variant is shippable</key>
    <key alias="isOnSale">This variant is on sale</key>
    <key alias="isAvailable">This variant is available to purchase</key>
    <key alias="noProduct">You have no products.</key>
    <key alias="newProductPrompt">How about creating one now? Simply press the New Product button.</key>
    <key alias="limitSelect">Number of products to display</key>
    <key alias="mustUniqueSku">Must have a unique SKU</key>
    <key alias="inventoryWarning"><![CDATA[<p>Important: If you choose to track inventory, it must be set manually for each variant (listed below) once this product has been saved.  However, you can set a base default inventory, applied to <strong>all variants</strong> here.</p>]]></key>
    <key alias="startingInventoryWarning"><![CDATA[(Will set starting inventory for <strong>all variants</strong> and <strong>all warehouses</strong>)]]></key>
    <key alias="productOnSale">On sale</key>
  </area>
  <area alias="merchelloOrder">
    <!-- things -->
    <key alias="invoice">Invoice</key>
    <key alias="invoiceNumber">Invoice #</key>
    <key alias="order">Order</key>
    <key alias="orders">Orders</key>
    <key alias="orderNumber">Order #</key>
    <key alias="paymentStatus">Payment Status</key>
    <key alias="fulfillmentStatus">Fulfillment Status</key>
    <key alias="lineItems"> Line Items</key>
    <key alias="orderName">[Order Name]</key>
    <key alias="createOrder">Create Order</key>
    <key alias="sales">Sales</key>
    <key alias="saleInformation">Sale Information</key>
    <!-- actions -->
    <key alias="filter">Filter Invoices</key>
    <key alias="addDateFilters">Add date filters</key>
    <key alias="removeDateFilters">Remove date filters</key>
    <key alias="capturePayment">Capture Payment</key>
    <key alias="processPayment">Process Payment</key>
    <key alias="voidPayment">Void Payment</key>
    <key alias="refundPayment">Refund Payment</key>
    <key alias="voidPaymentConfirmMessage">Are you sure you would like to void this payment?</key>
    <!-- phrases -->
    <key alias="invoicesPerPage">Invoices / Page</key>
    <key alias="noOrders">You have no orders.</key>
    <key alias="attentionRequired">You Have Orders That Require Attention</key>
    <key alias="paymentExpirationWarning">You may not receive payment for expired authorization.</key>
    <key alias="processedBy">Processed by</key>
    <key alias="refundMethod">Refund method</key>
    <key alias="resetFilters">Reset Filters</key>
  </area>
  <area alias="merchelloOrderView">
    <!-- things -->
    <key alias="invoiceNumber">Invoice #</key>
    <key alias="customerInformation">Customer Information</key>
    <key alias="shippingAddress">Shipping Address</key>
    <key alias="billingAddress">Billing Address</key>
    <key alias="orderInformation">Order Information</key>
    <!-- actions -->
    <!-- phrases -->
    <key alias="billingAndShippingAddressHelper">Billing and Shipping addresses</key>
    <key alias="orderInformationHelper"><![CDATA[Line items & costs]]></key>
    <key alias="captureUpTo">Capture Up To</key>
    <key alias="salesTax">Sales Tax</key>
    <key alias="authorized">Authorized</key>
    <key alias="captured">Captured</key>
    <key alias="paymentHistory"> Payment History</key>
    <key alias="saleHistory">Sale History</key>
    <key alias="paymentHistoryHelper">Status records for one or more payments</key>
    <key alias="paymentProcessedBy">Payment processed by:</key>
    <key alias="resetFilters">Reset Filters</key>
  </area>
  <area alias="merchelloFulfillShipment">
    <!-- phrases -->
    <key alias="fulfillManually">Fulfill Manually</key>
    <key alias="createShipment">Create Shipment</key>
  </area>
  <area alias="merchelloWarehouse">
    <!-- things -->
    <key alias="warehouse">Warehouse</key>
    <key alias="warehouses">Warehouses</key>
    <key alias="stock">Stock</key>
    <key alias="lowCount">Low Count</key>
    <key alias="location">Location</key>
    <!-- actions -->
    <!-- phrases -->
  </area>
  <area alias="merchelloShipping">
    <!-- things -->
    <key alias="shipping">Shipping</key>
    <key alias="info">Shipping Information</key>
    <key alias="weight">Weight</key>
    <key alias="dimensions">Dimensions</key>
    <!-- actions -->
    <key alias="setVars">Set shipping variables: Weight, and dimensions</key>
    <!-- phrases -->
      <key alias="editWarehouseHelper" >Edit your warehouse</key>
      <key alias="editWarehouse" >Edit Warehouse</key>
      <key alias="shippingMethods" >Shipping Methods</key>
      <key alias="shippingMethodsHelper" >Add shipping methods to existing regions or create a new region</key>
      <key alias="addCountry" >Add a Country</key>
  </area>
  <area alias="merchelloInventory">
    <!-- things -->
    <key alias="base">Base Inventory</key>
    <key alias="inventory">Inventory</key>
    <key alias="tracking">Inventory Tracking</key>
    <!-- actions -->
    <!-- phrases -->
  </area>
  <area alias="merchelloPlaceholders">
    <key alias="enterProduct">Enter a product name</key>
    <key alias="enterOrder">Start typing an order number or name...</key>to
    <key alias="addStyle">Add a style...</key>
    <key alias="enterOffer">Enter a name for the offer</key>
  </area>
  <area alias="merchelloGeneral">
    <key alias="apply">Apply</key>
    <key alias="price">Price</key>
    <key alias="customer">Customer</key>
    <key alias="total">Total</key>
    <key alias="salePrice">Sale Price</key>
    <key alias="filter">Filter</key>
    <key alias="filterBy">Filter By</key>
    <key alias="chooseMedia">Choose Media</key>
    <key alias="multipleOptions">Multiple Options</key>
    <key alias="optional">(optional)</key>
    <key alias="percentSymbol" >%</key>
    <key alias="moneySymbol" >$</key>
    <key alias="trackingNumber" >Tracking # </key>
    <key alias="shipment" >Shipment</key>
    <key alias="sku" >SKU</key>
    <key alias="quantity" >Qty</key>
    <key alias="fulfill"> Fulfill</key>
    <key alias="status"> Status</key>
    <key alias="type"> Type</key>
    <key alias="amount"> Amount</key>
    <key alias="via">Via</key>
    <key alias="options">Options</key>
    <key alias="select">Select</key>
    <key alias="all">All</key>
    <key alias="none">None</key>
    <key alias="expired">Expired</key>
  </area>
  <area alias="merchelloSettings">
    <key alias="storeDefaults">Store Defaults</key>
    <key alias="setDefaultSettingsHelper">Set the default settings</key>
    <key alias="currency">Currency</key>
    <key alias="dateFormat">Date Format</key>
    <key alias="startingOrderNumber">Starting Order No.</key>
    <key alias="timeFormat">Time Format</key>   
    <key alias="unitSystem">Unit System</key>
    <key alias="startingInvoiceNumber">Starting Invoice No.</key>
    <key alias="startingShipmentNumber">Starting Shipment No.</key>
    <key alias="catalogDefaults">Catalog Defaults</key>
    <key alias="catalogDefaultsHelper">Set the default catalog item (product) options. Can be changed later on a per item basis.</key>
    <key alias="globalTaxable">All items are taxable</key>
    <key alias="globalShippable">All items are shippable</key>
    <key alias="globalTrackInventory"><![CDATA[Track inventory for all items & variants]]></key>
    <key alias="globalShippingIsTaxable">Shipping charges are taxable</key>
  </area>

  <area alias="merchelloShippingCountry">
    <key alias="addCountry">Add a Country</key>
    <key alias="typeCountryName" >Type your Country Name</key>
    <key alias="noneSelected" >-- none selected --</key>
  </area>
  <area alias="merchelloShippingWarehouse">
    <key alias="deleteComfirm" >Are you sure you want to remove the warehouse</key>
    <key alias="address">Address</key>
    <key alias="primaryWarehouse" >Primary Warehouse</key>
    <key alias="streetAddress" >Street Address</key>
    <key alias="extendedAddress">Extended Address</key>
    <key alias="city">City</key>
    <key alias="stateProvince">State/Province</key>
    <key alias="zip"> Zip/Postal Code</key>
    <key alias="country"> Country</key>
    <key alias="selectCountry" >Select a Country</key>
    <key alias="makePrimaryWarehouse" >Make this my primary warehouse</key>
    <key alias="addWarehouse" >Add a Warehouse</key>
    <key alias="editWarehouse" >Edit Warehouse</key>
  </area>
  <area alias="merchelloShippingMethod">
    <key alias="addEditShippingMethod">Add/Edit a Shipping Method Rate for</key>
    <key alias="method" >Method</key>
    <key alias="setRange" >Set Range</key>
    <key alias="addNewRange" >Add New Range</key>
    <key alias="adjustIndividualRegions" >Adjust for Individual Regions</key>
    <key alias="region" >Region</key>
    <key alias="adjustRate" >Adjust Rate</key>
    <key alias="adjustBy" >Adjust By</key>
  </area>
  <area alias="merchelloShippingProvider">
    <key alias="provider" >Provider</key>
    <key alias="addProvider" >Add a Provider</key>
    <key alias="selectProvider" >Select Your Provider</key>
    <key alias="selectResource" >Select Your Resource</key>
  </area>
  <area alias="merchelloShippingHistory">
    <key alias="shipmentHistory" >Shipment History</key>
    <key alias="shipmentHistoryHelper" >Status records for one or more shipments</key>
    <key alias="shipment" >Shipment</key>
    <key alias="trackingNumber" >Tracking #</key>
  </area>
  <area alias="merchelloTaxation">
    <key alias="taxation" >Taxation</key>
    <key alias="taxMethods" >Tax Methods</key>
    <key alias="taxMethodsHelper" >Set flat tax rates for your shipping regions</key>
  </area>
  <area alias="merchelloNotifications">
    <key alias="notifications" >Notifications</key>
    <key alias="addNotification" >Add a Notification</key>
  </area>
  <area alias="merchelloNotificationsEdit">
    <key alias="emailTemplate" >Email Template</key>
    <key alias="emailTemplateHelper" >Edit your notification template</key>
    <key alias="emailTemplateEditBody" >Edit the Body Text</key>
    <key alias="notificationSettings" >Notification Settings</key>
    <key alias="notificationSettingsHelper" >Set who to send your notification to and when</key>
    <key alias="description" >Description</key>
    <key alias="attachedEvent" >Attached Event</key>
    <key alias="resourceType"></key>
    <key alias="eventAlias" >Event Alias:</key>
    <key alias="sendTo" ><![CDATA[Send To <small>(i.e. orders@yourdomain.com)</small>]]></key>
    <key alias="replyTo" ><![CDATA[Reply To <small>(i.e. reply@yourdomain.com)</small>]]></key>
    <key alias="emailCustomer" >Email the customer</key>
  </area>
  <area alias="merchelloNotificationsEditTemplate">
    <key alias="header" >Header</key>
    <key alias="footer" >Footer</key>
    <key alias="templateHelper" >You may add basic HTML tags to your email header and footer templates such as &lt;br /&gt; to create a new line of text.</key>
  </area>
  <area alias="merchelloNotificationsDelete">
    <key alias="merchelloNotificationsDelete_deleteNotification">Delete a Notification Method</key>
  </area>
  <area alias="merchelloNotificationsMessage">
    <add alias="replyTo">Reply to</add>
    <key alias="addEditMessage" >Add/Edit a Notification Message</key>
    <key alias="attachedEvent" >Attached Event</key>
    <key alias="fromEmail" ><![CDATA[From Email Address<small>(i.e. confirmation@yourdomain.com)</small>]]></key>
  </area>
  <area alias="merchelloNotificationsMethod">
    <key alias="addEditMethod" >Add/Edit a Notification Method</key>
    <key alias="notificationsMethodResource" >Notification Method</key>
    <key alias="message" >Message</key>
    <key alias="notification" >Notification</key>
    <key alias="event" >Event</key>
    <key alias="sendTo" >Send To</key>
    <key alias="emailCustomer" >Email Customer</key>
  </area>
  <area alias="merchelloGatewayProvider">
    <key alias="gatewayProvider" >Gateway Providers</key>
    <key alias="notificationProvider" >Notification Providers</key>
    <key alias="notificationProviderHelper" >Activate/Deactivate your Notification Providers</key>
    <key alias="paymentProvider" >Payment Providers</key>
    <key alias="paymentProviderHelper" >Activate/Deactivate your Payment Providers</key>
    <key alias="shippingProvider" > Shipping Providers</key>
    <key alias="shippingProviderHelper" >Activate/Deactivate your Shipping Providers</key>
    <key alias="taxationProvider" > Taxation Providers</key>
    <key alias="taxationProviderHelper" >Activate/Deactivate your Taxation Providers</key>
    <key alias="host" >Host</key>
    <key alias="username" >Username</key>
    <key alias="password" >Password</key>
    <key alias="enableSSL" >Enable SSL</key>
    <key alias="encryptProviderConfiguration" > Encrypt Provider Configuration</key>
    <key alias="providerName" >Provider Name</key>
    <key alias="activate">activate</key>
    <key alias="deactivate" >deactivate</key>
  </area>
  <area alias="merchelloPayment">
    <key alias="paymentInfo">Payment Information</key>
    <key alias="payment" >Payment</key>
    <key alias="addPaymentMethod" >Add a Method</key>
    <key alias="resourceType" >Resource Type:</key>
    <key alias="deletePayment" >Delete a Payment Method</key>
    <key alias="paymentMethod">Payment Method</key>
  </area>
  <area alias="merchelloPaymentMethod">
    <key alias="addEditPayment" >Add/Edit a Payment Method</key>
  </area>
  <area alias="merchelloMethodDelete">
    <key alias="deleteConfirmation">Are you sure you want to remove the method</key>
  </area>
  <area alias="merchelloDelete">
    <key alias="deleteConfirmation">Delete Confirmation</key>
    <key alias="deleteConfirmMessage">Are you sure you want to remove the item </key>
  </area>
  <area alias="merchelloProductEdit">
    <key alias="enterProductName">Enter a product name</key>
    <key alias="dragAndReorder">Drag to Reorder Options and Variants</key>
    <key alias="reorderVariants">Reorder variants</key>
    <key alias="dragAndReorderHelper">If you reorder your options and variants, it will change the order in which they appear on your storefront. Drag your options (ie size, style) vertically and variants (ie women's, small) horizontally.</key>
    <key alias="changePrices">Change prices</key>
    <key alias="updateInventory">Update inventory</key>
    <key alias="toggleAvailable">Toggle Available</key>
    <key alias="toggleOnSale">Toggle On Sale</key>
    <key alias="duplicateVariant"> Duplicate Variant</key>
    <key alias="inAnother">In another</key>
    <key alias="editOptions">Edit Options</key>
    <key alias="editOptionsHelper">Edit or add options, which will auto-update your variants</key>
    <key alias="optionName">Option Name</key>
    <key alias="optionNameHelper">(e.g. Size, Style, Color)</key>
    <key alias="optionValue">Option Values</key>
    <key alias="optionValueHelper">(e.g. red, green, blue)</key>
    <key alias="addStyle">Add a style...</key>
    <key alias="addAnotherOption">Add Another Option</key>
    <key alias="variantInformation">Product Information</key>
    <key alias="variantInformationHelper">Edit the variants for this product.</key>
    <key alias="selectProduct">Select Product...</key>
    <key alias="selectMerchelloProduct">Select Merchello Product</key>
    <key alias="selectYourProduct">Select Your Product</key>
    <key alias="removeProduct">Disconnect This Product</key>
    <key alias="itemLocation">Item Location</key>
  </area>

  <area alias="merchelloAuditLogs">
    <key alias="notificationShipping">Shipping confirmation email sent to %0%</key>
    <key alias="notificationSalesConfirmation">Sales confirmation email sent to %0%</key>
    <key alias="paymentCaptured">We successfully captured %0% %1%</key>
    <key alias="paymentAuthorize">We were authorized to capture %0% %1%</key>
    <key alias="paymentVoided">Payment was voided</key>
    <key alias="paymentDeclined">Payment was declined</key>
    <key alias="paymentRefunded">We refunded %0% %1% of a payment</key>
    <key alias="invoiceDeleted">Invoice %0% was deleted</key>
    <key alias="paymentDeleted">Payment was deleted</key>
    <key alias="invoiceCreated">Sale was made. Invoice %0%</key>
    <key alias="invoiceStatusChanged">Invoice was marked %0%</key>
    <key alias="orderCreated">Order %0% was created</key>
    <key alias="shipmentCreated">Shipment was created with %0% line items</key>
    <key alias="shipmentStatusChanged">Shipment status was changed to %0%</key>
  </area>
</language>
