<?xml version="1.0" encoding="UTF-8"?>
<project version="4">
  <component name="ChangeListManager">
    <list default="true" id="cf16cd74-614a-4888-9f89-6a70c405fdfe" name="Default" comment="" />
    <ignored path="Merchello.SalesReports.iws" />
    <ignored path=".idea/workspace.xml" />
    <option name="EXCLUDED_CONVERTED_TO_IGNORED" value="true" />
    <option name="TRACKING_ENABLED" value="true" />
    <option name="SHOW_DIALOG" value="false" />
    <option name="HIGHLIGHT_CONFLICTS" value="true" />
    <option name="HIGHLIGHT_NON_ACTIVE_CHANGELIST" value="false" />
    <option name="LAST_RESOLUTION" value="IGNORE" />
  </component>
  <component name="ChangesViewManager" flattened_view="true" show_ignored="false" />
  <component name="CreatePatchCommitExecutor">
    <option name="PATCH_PATH" value="" />
  </component>
  <component name="DaemonCodeAnalyzer">
    <disable_hints />
  </component>
  <component name="ExecutionTargetManager" SELECTED_TARGET="default_target" />
  <component name="FavoritesManager">
    <favorites_list name="Merchello.SalesReports" />
  </component>
  <component name="FileEditorManager">
    <leaf />
  </component>
  <component name="IdeDocumentHistory">
    <option name="CHANGED_PATHS">
      <list>
        <option value="$PROJECT_DIR$/SalesByItem/salesByItem.controller.js" />
        <option value="$PROJECT_DIR$/package.manifest" />
        <option value="$PROJECT_DIR$/Common/merchello.salesreports.module.js" />
        <option value="$PROJECT_DIR$/SalesByItem/salesbyitem.resource.js" />
        <option value="$PROJECT_DIR$/SalesByItem/salesreports.salesbyitem.controller.js" />
        <option value="$PROJECT_DIR$/SalesByItem/report.html" />
        <option value="$PROJECT_DIR$/SalesOverTime/report.html" />
        <option value="$PROJECT_DIR$/Common/merchello.salesreports.models.js" />
        <option value="$PROJECT_DIR$/SalesOverTime/salesovertime.resource.js" />
        <option value="$PROJECT_DIR$/SalesOverTime/salesreports.salesovertime.controller.js" />
      </list>
    </option>
  </component>
  <component name="JsGulpfileManager">
    <detection-done>true</detection-done>
  </component>
  <component name="ProjectFrameBounds">
    <option name="x" value="-9" />
    <option name="y" value="-9" />
    <option name="width" value="1938" />
    <option name="height" value="1050" />
  </component>
  <component name="ProjectLevelVcsManager" settingsEditedManually="false">
    <OptionsSetting value="true" id="Add" />
    <OptionsSetting value="true" id="Remove" />
    <OptionsSetting value="true" id="Checkout" />
    <OptionsSetting value="true" id="Update" />
    <OptionsSetting value="true" id="Status" />
    <OptionsSetting value="true" id="Edit" />
    <ConfirmationsSetting value="0" id="Add" />
    <ConfirmationsSetting value="0" id="Remove" />
  </component>
  <component name="ProjectView">
    <navigator currentView="ProjectPane" proportions="" version="1">
      <flattenPackages />
      <showMembers />
      <showModules />
      <showLibraryContents />
      <hideEmptyPackages />
      <abbreviatePackageNames />
      <autoscrollToSource />
      <autoscrollFromSource />
      <sortByType />
    </navigator>
    <panes>
      <pane id="Scope" />
      <pane id="ProjectPane">
        <subPane>
          <PATH>
            <PATH_ELEMENT>
              <option name="myItemId" value="Merchello.SalesReports" />
              <option name="myItemType" value="com.intellij.ide.projectView.impl.nodes.ProjectViewProjectNode" />
            </PATH_ELEMENT>
          </PATH>
          <PATH>
            <PATH_ELEMENT>
              <option name="myItemId" value="Merchello.SalesReports" />
              <option name="myItemType" value="com.intellij.ide.projectView.impl.nodes.ProjectViewProjectNode" />
            </PATH_ELEMENT>
            <PATH_ELEMENT>
              <option name="myItemId" value="Merchello.SalesReports" />
              <option name="myItemType" value="com.intellij.ide.projectView.impl.nodes.PsiDirectoryNode" />
            </PATH_ELEMENT>
          </PATH>
          <PATH>
            <PATH_ELEMENT>
              <option name="myItemId" value="Merchello.SalesReports" />
              <option name="myItemType" value="com.intellij.ide.projectView.impl.nodes.ProjectViewProjectNode" />
            </PATH_ELEMENT>
            <PATH_ELEMENT>
              <option name="myItemId" value="Merchello.SalesReports" />
              <option name="myItemType" value="com.intellij.ide.projectView.impl.nodes.PsiDirectoryNode" />
            </PATH_ELEMENT>
            <PATH_ELEMENT>
              <option name="myItemId" value="SalesOverTime" />
              <option name="myItemType" value="com.intellij.ide.projectView.impl.nodes.PsiDirectoryNode" />
            </PATH_ELEMENT>
          </PATH>
          <PATH>
            <PATH_ELEMENT>
              <option name="myItemId" value="Merchello.SalesReports" />
              <option name="myItemType" value="com.intellij.ide.projectView.impl.nodes.ProjectViewProjectNode" />
            </PATH_ELEMENT>
            <PATH_ELEMENT>
              <option name="myItemId" value="Merchello.SalesReports" />
              <option name="myItemType" value="com.intellij.ide.projectView.impl.nodes.PsiDirectoryNode" />
            </PATH_ELEMENT>
            <PATH_ELEMENT>
              <option name="myItemId" value="SalesByItem" />
              <option name="myItemType" value="com.intellij.ide.projectView.impl.nodes.PsiDirectoryNode" />
            </PATH_ELEMENT>
          </PATH>
          <PATH>
            <PATH_ELEMENT>
              <option name="myItemId" value="Merchello.SalesReports" />
              <option name="myItemType" value="com.intellij.ide.projectView.impl.nodes.ProjectViewProjectNode" />
            </PATH_ELEMENT>
            <PATH_ELEMENT>
              <option name="myItemId" value="Merchello.SalesReports" />
              <option name="myItemType" value="com.intellij.ide.projectView.impl.nodes.PsiDirectoryNode" />
            </PATH_ELEMENT>
            <PATH_ELEMENT>
              <option name="myItemId" value="Common" />
              <option name="myItemType" value="com.intellij.ide.projectView.impl.nodes.PsiDirectoryNode" />
            </PATH_ELEMENT>
          </PATH>
        </subPane>
      </pane>
    </panes>
  </component>
  <component name="PropertiesComponent">
    <property name="WebServerToolWindowFactoryState" value="false" />
    <property name="last_opened_file_path" value="$PROJECT_DIR$/../../../../../../Shipping/FreeOverAmount/src/Merchello.Plugin.Shipping.FOA/App_Plugins/Merchello.FOA" />
    <property name="HbShouldOpenHtmlAsHb" value="" />
    <property name="FullScreen" value="false" />
  </component>
  <component name="RunManager">
    <configuration default="true" type="DartCommandLineRunConfigurationType" factoryName="Dart Command Line Application">
      <method />
    </configuration>
    <configuration default="true" type="DartUnitRunConfigurationType" factoryName="DartUnit">
      <method />
    </configuration>
    <configuration default="true" type="JavaScriptTestRunnerKarma" factoryName="Karma" config-file="">
      <envs />
      <method />
    </configuration>
    <configuration default="true" type="JSTestDriver:ConfigurationType" factoryName="JsTestDriver">
      <setting name="configLocationType" value="CONFIG_FILE" />
      <setting name="settingsFile" value="" />
      <setting name="serverType" value="INTERNAL" />
      <setting name="preferredDebugBrowser" value="Chrome" />
      <method />
    </configuration>
    <configuration default="true" type="JavascriptDebugType" factoryName="JavaScript Debug">
      <method />
    </configuration>
    <configuration default="true" type="NodeJSConfigurationType" factoryName="Node.js" working-dir="">
      <method />
    </configuration>
    <configuration default="true" type="cucumber.js" factoryName="Cucumber.js">
      <option name="cucumberJsArguments" value="" />
      <option name="executablePath" />
      <option name="filePath" />
      <method />
    </configuration>
    <configuration default="true" type="js.build_tools.gulp" factoryName="Gulp.js">
      <node-options />
      <gulpfile />
      <tasks />
      <arguments />
      <pass-parent-envs>true</pass-parent-envs>
      <envs />
      <method />
    </configuration>
    <list size="0" />
  </component>
  <component name="ShelveChangesManager" show_recycled="false" />
  <component name="SvnConfiguration">
    <configuration />
  </component>
  <component name="TaskManager">
    <task active="true" id="Default" summary="Default task">
      <changelist id="cf16cd74-614a-4888-9f89-6a70c405fdfe" name="Default" comment="" />
      <created>1422997174167</created>
      <option name="number" value="Default" />
      <updated>1422997174167</updated>
    </task>
    <servers />
  </component>
  <component name="ToolWindowManager">
    <frame x="-9" y="-9" width="1938" height="1050" extended-state="6" />
    <editor active="false" />
    <layout>
      <window_info id="Changes" active="false" anchor="bottom" auto_hide="false" internal_type="DOCKED" type="DOCKED" visible="false" weight="0.33" sideWeight="0.5" order="7" side_tool="false" content_ui="tabs" />
      <window_info id="Terminal" active="false" anchor="bottom" auto_hide="false" internal_type="DOCKED" type="DOCKED" visible="false" weight="0.33" sideWeight="0.5" order="7" side_tool="false" content_ui="tabs" />
      <window_info id="TODO" active="false" anchor="bottom" auto_hide="false" internal_type="DOCKED" type="DOCKED" visible="false" weight="0.33" sideWeight="0.5" order="6" side_tool="false" content_ui="tabs" />
      <window_info id="Structure" active="false" anchor="left" auto_hide="false" internal_type="DOCKED" type="DOCKED" visible="false" weight="0.25" sideWeight="0.5" order="1" side_tool="false" content_ui="tabs" />
      <window_info id="Application Servers" active="false" anchor="bottom" auto_hide="false" internal_type="DOCKED" type="DOCKED" visible="false" weight="0.33" sideWeight="0.5" order="7" side_tool="false" content_ui="tabs" />
      <window_info id="Project" active="true" anchor="left" auto_hide="false" internal_type="DOCKED" type="DOCKED" visible="true" weight="0.24960423" sideWeight="0.5" order="0" side_tool="false" content_ui="combo" />
      <window_info id="Favorites" active="false" anchor="left" auto_hide="false" internal_type="DOCKED" type="DOCKED" visible="false" weight="0.33" sideWeight="0.5" order="2" side_tool="true" content_ui="tabs" />
      <window_info id="Event Log" active="false" anchor="bottom" auto_hide="false" internal_type="DOCKED" type="DOCKED" visible="false" weight="0.33" sideWeight="0.5" order="7" side_tool="true" content_ui="tabs" />
      <window_info id="Version Control" active="false" anchor="bottom" auto_hide="false" internal_type="DOCKED" type="DOCKED" visible="false" weight="0.33" sideWeight="0.5" order="7" side_tool="false" content_ui="tabs" />
      <window_info id="Cvs" active="false" anchor="bottom" auto_hide="false" internal_type="DOCKED" type="DOCKED" visible="false" weight="0.25" sideWeight="0.5" order="4" side_tool="false" content_ui="tabs" />
      <window_info id="Message" active="false" anchor="bottom" auto_hide="false" internal_type="DOCKED" type="DOCKED" visible="false" weight="0.33" sideWeight="0.5" order="0" side_tool="false" content_ui="tabs" />
      <window_info id="Find" active="false" anchor="bottom" auto_hide="false" internal_type="DOCKED" type="DOCKED" visible="false" weight="0.33" sideWeight="0.5" order="1" side_tool="false" content_ui="tabs" />
      <window_info id="Ant Build" active="false" anchor="right" auto_hide="false" internal_type="DOCKED" type="DOCKED" visible="false" weight="0.25" sideWeight="0.5" order="1" side_tool="false" content_ui="tabs" />
      <window_info id="Debug" active="false" anchor="bottom" auto_hide="false" internal_type="DOCKED" type="DOCKED" visible="false" weight="0.4" sideWeight="0.5" order="3" side_tool="false" content_ui="tabs" />
      <window_info id="Commander" active="false" anchor="right" auto_hide="false" internal_type="SLIDING" type="SLIDING" visible="false" weight="0.4" sideWeight="0.5" order="0" side_tool="false" content_ui="tabs" />
      <window_info id="Run" active="false" anchor="bottom" auto_hide="false" internal_type="DOCKED" type="DOCKED" visible="false" weight="0.33" sideWeight="0.5" order="2" side_tool="false" content_ui="tabs" />
      <window_info id="Inspection" active="false" anchor="bottom" auto_hide="false" internal_type="DOCKED" type="DOCKED" visible="false" weight="0.4" sideWeight="0.5" order="5" side_tool="false" content_ui="tabs" />
      <window_info id="Hierarchy" active="false" anchor="right" auto_hide="false" internal_type="DOCKED" type="DOCKED" visible="false" weight="0.25" sideWeight="0.5" order="2" side_tool="false" content_ui="combo" />
    </layout>
  </component>
  <component name="Vcs.Log.UiProperties">
    <option name="RECENTLY_FILTERED_USER_GROUPS">
      <collection />
    </option>
    <option name="RECENTLY_FILTERED_BRANCH_GROUPS">
      <collection />
    </option>
  </component>
  <component name="VcsContentAnnotationSettings">
    <option name="myLimit" value="2678400000" />
  </component>
  <component name="VcsManagerConfiguration">
    <option name="myTodoPanelSettings">
      <TodoPanelSettings />
    </option>
  </component>
  <component name="XDebuggerManager">
    <breakpoint-manager>
      <option name="time" value="2" />
    </breakpoint-manager>
    <watches-manager />
  </component>
  <component name="editorHistoryManager">
    <entry file="file://$PROJECT_DIR$/SalesByItem/salesreports.salesbyitem.controller.js">
      <provider selected="true" editor-type-id="text-editor">
        <state vertical-scroll-proportion="0.0" vertical-offset="651" max-vertical-offset="3410">
          <caret line="27" column="12" selection-start-line="27" selection-start-column="12" selection-end-line="27" selection-end-column="40" />
          <folding>
            <element signature="e#1161#1362#0" expanded="false" />
            <element signature="e#2339#2616#0" expanded="false" />
            <element signature="e#3689#3872#0" expanded="false" />
          </folding>
        </state>
      </provider>
    </entry>
    <entry file="file://$PROJECT_DIR$/SalesOverTime/salesreports.salesovertime.controller.js">
      <provider selected="true" editor-type-id="text-editor">
        <state vertical-scroll-proportion="0.0" vertical-offset="0" max-vertical-offset="4464">
          <caret line="0" column="0" selection-start-line="0" selection-start-column="0" selection-end-line="0" selection-end-column="0" />
          <folding />
        </state>
      </provider>
    </entry>
    <entry file="file://$PROJECT_DIR$/SalesOverTime/salesovertime.resource.js">
      <provider selected="true" editor-type-id="text-editor">
        <state vertical-scroll-proportion="0.0" vertical-offset="186" max-vertical-offset="1085">
          <caret line="21" column="36" selection-start-line="21" selection-start-column="36" selection-end-line="21" selection-end-column="36" />
          <folding />
        </state>
      </provider>
    </entry>
    <entry file="file://$PROJECT_DIR$/SalesByItem/salesreports.salesbyitem.controller.js">
      <provider selected="true" editor-type-id="text-editor">
        <state vertical-scroll-proportion="0.0" vertical-offset="651" max-vertical-offset="3410">
          <caret line="27" column="12" selection-start-line="27" selection-start-column="12" selection-end-line="27" selection-end-column="40" />
          <folding>
            <element signature="e#1161#1362#0" expanded="false" />
            <element signature="e#2339#2616#0" expanded="false" />
            <element signature="e#3689#3872#0" expanded="false" />
          </folding>
        </state>
      </provider>
    </entry>
    <entry file="file://$PROJECT_DIR$/SalesOverTime/salesreports.salesovertime.controller.js">
      <provider selected="true" editor-type-id="text-editor">
        <state vertical-scroll-proportion="0.0" vertical-offset="0" max-vertical-offset="4464">
          <caret line="0" column="0" selection-start-line="0" selection-start-column="0" selection-end-line="0" selection-end-column="0" />
          <folding />
        </state>
      </provider>
    </entry>
    <entry file="file://$PROJECT_DIR$/SalesOverTime/salesovertime.resource.js">
      <provider selected="true" editor-type-id="text-editor">
        <state vertical-scroll-proportion="0.0" vertical-offset="186" max-vertical-offset="1085">
          <caret line="21" column="36" selection-start-line="21" selection-start-column="36" selection-end-line="21" selection-end-column="36" />
          <folding />
        </state>
      </provider>
    </entry>
    <entry file="file://$PROJECT_DIR$/SalesByItem/salesreports.salesbyitem.controller.js">
      <provider selected="true" editor-type-id="text-editor">
        <state vertical-scroll-proportion="0.0" vertical-offset="651" max-vertical-offset="3410">
          <caret line="27" column="12" selection-start-line="27" selection-start-column="12" selection-end-line="27" selection-end-column="40" />
          <folding>
            <element signature="e#1161#1362#0" expanded="false" />
            <element signature="e#2339#2616#0" expanded="false" />
            <element signature="e#3689#3872#0" expanded="false" />
          </folding>
        </state>
      </provider>
    </entry>
    <entry file="file://$PROJECT_DIR$/SalesOverTime/salesreports.salesovertime.controller.js">
      <provider selected="true" editor-type-id="text-editor">
        <state vertical-scroll-proportion="0.0" vertical-offset="0" max-vertical-offset="4464">
          <caret line="0" column="0" selection-start-line="0" selection-start-column="0" selection-end-line="0" selection-end-column="0" />
          <folding />
        </state>
      </provider>
    </entry>
    <entry file="file://$PROJECT_DIR$/SalesOverTime/salesovertime.resource.js">
      <provider selected="true" editor-type-id="text-editor">
        <state vertical-scroll-proportion="0.0" vertical-offset="186" max-vertical-offset="1085">
          <caret line="21" column="36" selection-start-line="21" selection-start-column="36" selection-end-line="21" selection-end-column="36" />
          <folding />
        </state>
      </provider>
    </entry>
    <entry file="file://$PROJECT_DIR$/SalesByItem/salesbyitem.resource.js">
      <provider selected="true" editor-type-id="text-editor">
        <state vertical-scroll-proportion="0.0" vertical-offset="0" max-vertical-offset="992">
          <caret line="0" column="31" selection-start-line="0" selection-start-column="31" selection-end-line="0" selection-end-column="31" />
        </state>
      </provider>
    </entry>
    <entry file="file://$PROJECT_DIR$/SalesOverTime/report.html">
      <provider selected="true" editor-type-id="text-editor">
        <state vertical-scroll-proportion="0.43219265" vertical-offset="341" max-vertical-offset="1302">
          <caret line="22" column="33" selection-start-line="22" selection-start-column="33" selection-end-line="22" selection-end-column="33" />
        </state>
      </provider>
    </entry>
    <entry file="file://$PROJECT_DIR$/SalesOverTime/salesovertime.resource.js">
      <provider selected="true" editor-type-id="text-editor">
        <state vertical-scroll-proportion="0.5522565" vertical-offset="186" max-vertical-offset="1085">
          <caret line="21" column="36" selection-start-line="21" selection-start-column="36" selection-end-line="21" selection-end-column="36" />
          <folding />
        </state>
      </provider>
    </entry>
    <entry file="file://$PROJECT_DIR$/SalesOverTime/salesreports.salesovertime.controller.js">
      <provider selected="true" editor-type-id="text-editor">
        <state vertical-scroll-proportion="0.14957781" vertical-offset="2976" max-vertical-offset="4464">
          <caret line="100" column="9" selection-start-line="100" selection-start-column="9" selection-end-line="100" selection-end-column="9" />
          <folding />
        </state>
      </provider>
    </entry>
    <entry file="file://$PROJECT_DIR$/Common/merchello.salesreports.module.js">
      <provider selected="true" editor-type-id="text-editor">
        <state vertical-scroll-proportion="0.4049881" vertical-offset="0" max-vertical-offset="842">
          <caret line="11" column="77" selection-start-line="11" selection-start-column="77" selection-end-line="11" selection-end-column="77" />
          <folding />
        </state>
      </provider>
    </entry>
    <entry file="file://$PROJECT_DIR$/package.manifest">
      <provider selected="true" editor-type-id="text-editor">
        <state vertical-scroll-proportion="0.2209026" vertical-offset="0" max-vertical-offset="842">
          <caret line="6" column="60" selection-start-line="6" selection-start-column="60" selection-end-line="6" selection-end-column="60" />
          <folding />
        </state>
      </provider>
    </entry>
    <entry file="file://$PROJECT_DIR$/SalesByItem/report.html">
      <provider selected="true" editor-type-id="text-editor">
        <state vertical-scroll-proportion="0.35361215" vertical-offset="775" max-vertical-offset="2108">
          <caret line="34" column="201" selection-start-line="34" selection-start-column="20" selection-end-line="34" selection-end-column="201" />
          <folding />
        </state>
      </provider>
    </entry>
    <entry file="file://$PROJECT_DIR$/SalesByItem/salesreports.salesbyitem.controller.js">
      <provider selected="true" editor-type-id="text-editor">
        <state vertical-scroll-proportion="0.4038005" vertical-offset="1675" max-vertical-offset="3720">
          <caret line="79" column="51" selection-start-line="79" selection-start-column="51" selection-end-line="79" selection-end-column="51" />
          <folding>
            <element signature="e#1161#1362#0" expanded="false" />
            <element signature="e#2339#2616#0" expanded="false" />
            <element signature="e#3689#3872#0" expanded="false" />
          </folding>
        </state>
      </provider>
    </entry>
    <entry file="file://$PROJECT_DIR$/Common/merchello.salesreports.models.js">
      <provider selected="true" editor-type-id="text-editor">
        <state vertical-scroll-proportion="-0.95724463" vertical-offset="1209" max-vertical-offset="2170">
          <caret line="13" column="56" selection-start-line="13" selection-start-column="56" selection-end-line="13" selection-end-column="56" />
          <folding />
        </state>
      </provider>
    </entry>
  </component>
</project>