<?xml version="1.0" encoding="UTF-8"?>
<project version="4">
  <component name="ChangeListManager">
    <list default="true" id="18491765-4222-4b7f-a557-0960395d6cce" name="Default" comment="" />
    <ignored path="Merchello.FOA.iws" />
    <ignored path=".idea/workspace.xml" />
    <option name="EXCLUDED_CONVERTED_TO_IGNORED" value="true" />
    <option name="TRACKING_ENABLED" value="true" />
    <option name="SHOW_DIALOG" value="false" />
    <option name="HIGHLIGHT_CONFLICTS" value="true" />
    <option name="HIGHLIGHT_NON_ACTIVE_CHANGELIST" value="false" />
    <option name="LAST_RESOLUTION" value="IGNORE" />
  </component>
  <component name="ChangesViewManager" flattened_view="true" show_ignored="false" />
  <component name="CreatePatchCommitExecutor">
    <option name="PATCH_PATH" value="" />
  </component>
  <component name="DaemonCodeAnalyzer">
    <disable_hints />
  </component>
  <component name="ExecutionTargetManager" SELECTED_TARGET="default_target" />
  <component name="FavoritesManager">
    <favorites_list name="Merchello.FOA" />
  </component>
  <component name="FileEditorManager">
    <leaf>
      <file leaf-file-name="shipping.foa.shippingprovider.html" pinned="false" current-in-tab="true">
        <entry file="file://$PROJECT_DIR$/shipping.foa.shippingprovider.html">
          <provider selected="true" editor-type-id="text-editor">
            <state vertical-scroll-proportion="0.74651456" vertical-offset="279" max-vertical-offset="1271">
              <caret line="28" column="30" selection-start-line="28" selection-start-column="30" selection-end-line="28" selection-end-column="48" />
              <folding />
            </state>
          </provider>
        </entry>
      </file>
      <file leaf-file-name="shipping.foa.shippingprovider.controller.js" pinned="false" current-in-tab="false">
        <entry file="file://$PROJECT_DIR$/shipping.foa.shippingprovider.controller.js">
          <provider selected="true" editor-type-id="text-editor">
            <state vertical-scroll-proportion="0.0" vertical-offset="527" max-vertical-offset="1457">
              <caret line="31" column="12" selection-start-line="31" selection-start-column="12" selection-end-line="35" selection-end-column="21" />
              <folding />
            </state>
          </provider>
        </entry>
      </file>
      <file leaf-file-name="shipping.foa.module.js" pinned="false" current-in-tab="false">
        <entry file="file://$PROJECT_DIR$/shipping.foa.module.js">
          <provider selected="true" editor-type-id="text-editor">
            <state vertical-scroll-proportion="0.0" vertical-offset="0" max-vertical-offset="465">
              <caret line="4" column="25" selection-start-line="4" selection-start-column="25" selection-end-line="4" selection-end-column="25" />
              <folding />
            </state>
          </provider>
        </entry>
      </file>
      <file leaf-file-name="package.manifest" pinned="false" current-in-tab="false">
        <entry file="file://$PROJECT_DIR$/package.manifest">
          <provider selected="true" editor-type-id="text-editor">
            <state vertical-scroll-proportion="0.0" vertical-offset="93" max-vertical-offset="341">
              <caret line="3" column="8" selection-start-line="3" selection-start-column="8" selection-end-line="3" selection-end-column="81" />
              <folding />
            </state>
          </provider>
        </entry>
      </file>
    </leaf>
  </component>
  <component name="IdeDocumentHistory">
    <option name="CHANGED_PATHS">
      <list>
        <option value="$PROJECT_DIR$/shipping.foa.shipmethod.html" />
        <option value="$PROJECT_DIR$/package.manifest" />
        <option value="$PROJECT_DIR$/shipping.foa.shipmethod.controller.js" />
        <option value="$PROJECT_DIR$/shipping.foa.shippingprovider.html" />
        <option value="$PROJECT_DIR$/shipping.foa.module.js" />
        <option value="$PROJECT_DIR$/shipping.foa.shippingprovider.controller.js" />
      </list>
    </option>
  </component>
  <component name="JsGulpfileManager">
    <detection-done>true</detection-done>
  </component>
  <component name="ProjectFrameBounds">
    <option name="x" value="-9" />
    <option name="y" value="-9" />
    <option name="width" value="1938" />
    <option name="height" value="1050" />
  </component>
  <component name="ProjectLevelVcsManager" settingsEditedManually="false">
    <OptionsSetting value="true" id="Add" />
    <OptionsSetting value="true" id="Remove" />
    <OptionsSetting value="true" id="Checkout" />
    <OptionsSetting value="true" id="Update" />
    <OptionsSetting value="true" id="Status" />
    <OptionsSetting value="true" id="Edit" />
    <ConfirmationsSetting value="0" id="Add" />
    <ConfirmationsSetting value="0" id="Remove" />
  </component>
  <component name="ProjectView">
    <navigator currentView="ProjectPane" proportions="" version="1">
      <flattenPackages />
      <showMembers />
      <showModules />
      <showLibraryContents />
      <hideEmptyPackages />
      <abbreviatePackageNames />
      <autoscrollToSource />
      <autoscrollFromSource />
      <sortByType />
    </navigator>
    <panes>
      <pane id="ProjectPane">
        <subPane>
          <PATH>
            <PATH_ELEMENT>
              <option name="myItemId" value="Merchello.FOA" />
              <option name="myItemType" value="com.intellij.ide.projectView.impl.nodes.ProjectViewProjectNode" />
            </PATH_ELEMENT>
          </PATH>
          <PATH>
            <PATH_ELEMENT>
              <option name="myItemId" value="Merchello.FOA" />
              <option name="myItemType" value="com.intellij.ide.projectView.impl.nodes.ProjectViewProjectNode" />
            </PATH_ELEMENT>
            <PATH_ELEMENT>
              <option name="myItemId" value="Merchello.FOA" />
              <option name="myItemType" value="com.intellij.ide.projectView.impl.nodes.PsiDirectoryNode" />
            </PATH_ELEMENT>
          </PATH>
        </subPane>
      </pane>
      <pane id="Scope" />
    </panes>
  </component>
  <component name="PropertiesComponent">
    <property name="WebServerToolWindowFactoryState" value="false" />
    <property name="last_opened_file_path" value="$PROJECT_DIR$" />
    <property name="HbShouldOpenHtmlAsHb" value="" />
    <property name="FullScreen" value="false" />
  </component>
  <component name="RunManager">
    <configuration default="true" type="DartUnitRunConfigurationType" factoryName="DartUnit">
      <method />
    </configuration>
    <configuration default="true" type="DartCommandLineRunConfigurationType" factoryName="Dart Command Line Application">
      <method />
    </configuration>
    <configuration default="true" type="JSTestDriver:ConfigurationType" factoryName="JsTestDriver">
      <setting name="configLocationType" value="CONFIG_FILE" />
      <setting name="settingsFile" value="" />
      <setting name="serverType" value="INTERNAL" />
      <setting name="preferredDebugBrowser" value="Chrome" />
      <method />
    </configuration>
    <configuration default="true" type="JavaScriptTestRunnerKarma" factoryName="Karma" config-file="">
      <envs />
      <method />
    </configuration>
    <configuration default="true" type="JavascriptDebugType" factoryName="JavaScript Debug">
      <method />
    </configuration>
    <configuration default="true" type="NodeJSConfigurationType" factoryName="Node.js" working-dir="">
      <method />
    </configuration>
    <configuration default="true" type="cucumber.js" factoryName="Cucumber.js">
      <option name="cucumberJsArguments" value="" />
      <option name="executablePath" />
      <option name="filePath" />
      <method />
    </configuration>
    <configuration default="true" type="js.build_tools.gulp" factoryName="Gulp.js">
      <node-options />
      <gulpfile />
      <tasks />
      <arguments />
      <pass-parent-envs>true</pass-parent-envs>
      <envs />
      <method />
    </configuration>
    <list size="0" />
  </component>
  <component name="ShelveChangesManager" show_recycled="false" />
  <component name="SvnConfiguration">
    <configuration />
  </component>
  <component name="TaskManager">
    <task active="true" id="Default" summary="Default task">
      <changelist id="18491765-4222-4b7f-a557-0960395d6cce" name="Default" comment="" />
      <created>1423011466461</created>
      <option name="number" value="Default" />
      <updated>1423011466461</updated>
    </task>
    <servers />
  </component>
  <component name="ToolWindowManager">
    <frame x="-9" y="-9" width="1938" height="1050" extended-state="0" />
    <editor active="true" />
    <layout>
      <window_info id="Changes" active="false" anchor="bottom" auto_hide="false" internal_type="DOCKED" type="DOCKED" visible="false" weight="0.33" sideWeight="0.5" order="7" side_tool="false" content_ui="tabs" />
      <window_info id="Terminal" active="false" anchor="bottom" auto_hide="false" internal_type="DOCKED" type="DOCKED" visible="false" weight="0.33" sideWeight="0.5" order="7" side_tool="false" content_ui="tabs" />
      <window_info id="TODO" active="false" anchor="bottom" auto_hide="false" internal_type="DOCKED" type="DOCKED" visible="false" weight="0.33" sideWeight="0.5" order="6" side_tool="false" content_ui="tabs" />
      <window_info id="Structure" active="false" anchor="left" auto_hide="false" internal_type="DOCKED" type="DOCKED" visible="false" weight="0.25" sideWeight="0.5" order="1" side_tool="false" content_ui="tabs" />
      <window_info id="Application Servers" active="false" anchor="bottom" auto_hide="false" internal_type="DOCKED" type="DOCKED" visible="false" weight="0.33" sideWeight="0.5" order="7" side_tool="false" content_ui="tabs" />
      <window_info id="Project" active="false" anchor="left" auto_hide="false" internal_type="DOCKED" type="DOCKED" visible="true" weight="0.24960423" sideWeight="0.5" order="0" side_tool="false" content_ui="combo" />
      <window_info id="Favorites" active="false" anchor="left" auto_hide="false" internal_type="DOCKED" type="DOCKED" visible="false" weight="0.33" sideWeight="0.5" order="2" side_tool="true" content_ui="tabs" />
      <window_info id="Event Log" active="false" anchor="bottom" auto_hide="false" internal_type="DOCKED" type="DOCKED" visible="false" weight="0.33" sideWeight="0.5" order="7" side_tool="true" content_ui="tabs" />
      <window_info id="Version Control" active="false" anchor="bottom" auto_hide="false" internal_type="DOCKED" type="DOCKED" visible="false" weight="0.33" sideWeight="0.5" order="7" side_tool="false" content_ui="tabs" />
      <window_info id="Cvs" active="false" anchor="bottom" auto_hide="false" internal_type="DOCKED" type="DOCKED" visible="false" weight="0.25" sideWeight="0.5" order="4" side_tool="false" content_ui="tabs" />
      <window_info id="Message" active="false" anchor="bottom" auto_hide="false" internal_type="DOCKED" type="DOCKED" visible="false" weight="0.33" sideWeight="0.5" order="0" side_tool="false" content_ui="tabs" />
      <window_info id="Ant Build" active="false" anchor="right" auto_hide="false" internal_type="DOCKED" type="DOCKED" visible="false" weight="0.25" sideWeight="0.5" order="1" side_tool="false" content_ui="tabs" />
      <window_info id="Find" active="false" anchor="bottom" auto_hide="false" internal_type="DOCKED" type="DOCKED" visible="false" weight="0.33" sideWeight="0.5" order="1" side_tool="false" content_ui="tabs" />
      <window_info id="Debug" active="false" anchor="bottom" auto_hide="false" internal_type="DOCKED" type="DOCKED" visible="false" weight="0.4" sideWeight="0.5" order="3" side_tool="false" content_ui="tabs" />
      <window_info id="Commander" active="false" anchor="right" auto_hide="false" internal_type="SLIDING" type="SLIDING" visible="false" weight="0.4" sideWeight="0.5" order="0" side_tool="false" content_ui="tabs" />
      <window_info id="Hierarchy" active="false" anchor="right" auto_hide="false" internal_type="DOCKED" type="DOCKED" visible="false" weight="0.25" sideWeight="0.5" order="2" side_tool="false" content_ui="combo" />
      <window_info id="Inspection" active="false" anchor="bottom" auto_hide="false" internal_type="DOCKED" type="DOCKED" visible="false" weight="0.4" sideWeight="0.5" order="5" side_tool="false" content_ui="tabs" />
      <window_info id="Run" active="false" anchor="bottom" auto_hide="false" internal_type="DOCKED" type="DOCKED" visible="false" weight="0.33" sideWeight="0.5" order="2" side_tool="false" content_ui="tabs" />
    </layout>
  </component>
  <component name="Vcs.Log.UiProperties">
    <option name="RECENTLY_FILTERED_USER_GROUPS">
      <collection />
    </option>
    <option name="RECENTLY_FILTERED_BRANCH_GROUPS">
      <collection />
    </option>
  </component>
  <component name="VcsContentAnnotationSettings">
    <option name="myLimit" value="2678400000" />
  </component>
  <component name="VcsManagerConfiguration">
    <option name="myTodoPanelSettings">
      <TodoPanelSettings />
    </option>
  </component>
  <component name="XDebuggerManager">
    <breakpoint-manager />
    <watches-manager />
  </component>
  <component name="editorHistoryManager">
    <entry file="file://$PROJECT_DIR$/shipping.foa.shippingprovider.html">
      <provider selected="true" editor-type-id="text-editor">
        <state vertical-scroll-proportion="0.0" vertical-offset="186" max-vertical-offset="1271">
          <caret line="12" column="54" selection-start-line="12" selection-start-column="54" selection-end-line="12" selection-end-column="54" />
          <folding />
        </state>
      </provider>
    </entry>
    <entry file="file://$PROJECT_DIR$/shipping.foa.shippingprovider.controller.js">
      <provider selected="true" editor-type-id="text-editor">
        <state vertical-scroll-proportion="0.0" vertical-offset="155" max-vertical-offset="1488">
          <caret line="5" column="30" selection-start-line="5" selection-start-column="30" selection-end-line="5" selection-end-column="30" />
          <folding />
        </state>
      </provider>
    </entry>
    <entry file="file://$PROJECT_DIR$/shipping.foa.module.js">
      <provider selected="true" editor-type-id="text-editor">
        <state vertical-scroll-proportion="0.0" vertical-offset="0" max-vertical-offset="465">
          <caret line="0" column="0" selection-start-line="0" selection-start-column="0" selection-end-line="0" selection-end-column="0" />
          <folding />
        </state>
      </provider>
    </entry>
    <entry file="file://$PROJECT_DIR$/package.manifest">
      <provider selected="true" editor-type-id="text-editor">
        <state vertical-scroll-proportion="0.0" vertical-offset="93" max-vertical-offset="341">
          <caret line="3" column="8" selection-start-line="3" selection-start-column="8" selection-end-line="3" selection-end-column="81" />
          <folding />
        </state>
      </provider>
    </entry>
    <entry file="file://$PROJECT_DIR$/shipping.foa.shippingprovider.html">
      <provider selected="true" editor-type-id="text-editor">
        <state vertical-scroll-proportion="0.0" vertical-offset="186" max-vertical-offset="1271">
          <caret line="12" column="54" selection-start-line="12" selection-start-column="54" selection-end-line="12" selection-end-column="54" />
          <folding />
        </state>
      </provider>
    </entry>
    <entry file="file://$PROJECT_DIR$/shipping.foa.shippingprovider.controller.js">
      <provider selected="true" editor-type-id="text-editor">
        <state vertical-scroll-proportion="0.0" vertical-offset="155" max-vertical-offset="1519">
          <caret line="5" column="30" selection-start-line="5" selection-start-column="30" selection-end-line="5" selection-end-column="30" />
          <folding />
        </state>
      </provider>
    </entry>
    <entry file="file://$PROJECT_DIR$/shipping.foa.module.js">
      <provider selected="true" editor-type-id="text-editor">
        <state vertical-scroll-proportion="0.0" vertical-offset="0" max-vertical-offset="465">
          <caret line="0" column="0" selection-start-line="0" selection-start-column="0" selection-end-line="0" selection-end-column="0" />
          <folding />
        </state>
      </provider>
    </entry>
    <entry file="file://$PROJECT_DIR$/package.manifest">
      <provider selected="true" editor-type-id="text-editor">
        <state vertical-scroll-proportion="0.0" vertical-offset="93" max-vertical-offset="341">
          <caret line="3" column="8" selection-start-line="3" selection-start-column="8" selection-end-line="3" selection-end-column="81" />
          <folding />
        </state>
      </provider>
    </entry>
    <entry file="file://$PROJECT_DIR$/shipping.foa.shippingprovider.html">
      <provider selected="true" editor-type-id="text-editor">
        <state vertical-scroll-proportion="0.0" vertical-offset="186" max-vertical-offset="1271">
          <caret line="12" column="54" selection-start-line="12" selection-start-column="54" selection-end-line="12" selection-end-column="54" />
          <folding />
        </state>
      </provider>
    </entry>
    <entry file="file://$PROJECT_DIR$/shipping.foa.shippingprovider.controller.js">
      <provider selected="true" editor-type-id="text-editor">
        <state vertical-scroll-proportion="0.0" vertical-offset="155" max-vertical-offset="1519">
          <caret line="5" column="30" selection-start-line="5" selection-start-column="30" selection-end-line="5" selection-end-column="30" />
          <folding />
        </state>
      </provider>
    </entry>
    <entry file="file://$PROJECT_DIR$/shipping.foa.module.js">
      <provider selected="true" editor-type-id="text-editor">
        <state vertical-scroll-proportion="0.0" vertical-offset="0" max-vertical-offset="465">
          <caret line="0" column="0" selection-start-line="0" selection-start-column="0" selection-end-line="0" selection-end-column="0" />
          <folding />
        </state>
      </provider>
    </entry>
    <entry file="file://$PROJECT_DIR$/package.manifest">
      <provider selected="true" editor-type-id="text-editor">
        <state vertical-scroll-proportion="0.0" vertical-offset="93" max-vertical-offset="341">
          <caret line="3" column="8" selection-start-line="3" selection-start-column="8" selection-end-line="3" selection-end-column="81" />
          <folding />
        </state>
      </provider>
    </entry>
    <entry file="file://$PROJECT_DIR$/shipping.foa.shippingprovider.html">
      <provider selected="true" editor-type-id="text-editor">
        <state vertical-scroll-proportion="0.0" vertical-offset="186" max-vertical-offset="1271">
          <caret line="12" column="54" selection-start-line="12" selection-start-column="54" selection-end-line="12" selection-end-column="54" />
          <folding />
        </state>
      </provider>
    </entry>
    <entry file="file://$PROJECT_DIR$/shipping.foa.shippingprovider.controller.js">
      <provider selected="true" editor-type-id="text-editor">
        <state vertical-scroll-proportion="0.0" vertical-offset="0" max-vertical-offset="1519">
          <caret line="0" column="0" selection-start-line="0" selection-start-column="0" selection-end-line="0" selection-end-column="0" />
          <folding />
        </state>
      </provider>
    </entry>
    <entry file="file://$PROJECT_DIR$/shipping.foa.module.js">
      <provider selected="true" editor-type-id="text-editor">
        <state vertical-scroll-proportion="0.0" vertical-offset="124" max-vertical-offset="465">
          <caret line="4" column="25" selection-start-line="4" selection-start-column="25" selection-end-line="4" selection-end-column="25" />
          <folding />
        </state>
      </provider>
    </entry>
    <entry file="file://$PROJECT_DIR$/package.manifest">
      <provider selected="true" editor-type-id="text-editor">
        <state vertical-scroll-proportion="0.0" vertical-offset="93" max-vertical-offset="341">
          <caret line="3" column="8" selection-start-line="3" selection-start-column="8" selection-end-line="3" selection-end-column="81" />
          <folding />
        </state>
      </provider>
    </entry>
    <entry file="file://$PROJECT_DIR$/shipping.foa.shippingprovider.html">
      <provider selected="true" editor-type-id="text-editor">
        <state vertical-scroll-proportion="0.0" vertical-offset="0" max-vertical-offset="1271">
          <caret line="0" column="0" selection-start-line="0" selection-start-column="0" selection-end-line="0" selection-end-column="0" />
          <folding />
        </state>
      </provider>
    </entry>
    <entry file="file://$PROJECT_DIR$/shipping.foa.shippingprovider.controller.js">
      <provider selected="true" editor-type-id="text-editor">
        <state vertical-scroll-proportion="0.0" vertical-offset="186" max-vertical-offset="1519">
          <caret line="12" column="20" selection-start-line="12" selection-start-column="20" selection-end-line="12" selection-end-column="20" />
          <folding />
        </state>
      </provider>
    </entry>
    <entry file="file://$PROJECT_DIR$/shipping.foa.module.js">
      <provider selected="true" editor-type-id="text-editor">
        <state vertical-scroll-proportion="0.0" vertical-offset="279" max-vertical-offset="465">
          <caret line="9" column="5" selection-start-line="9" selection-start-column="5" selection-end-line="9" selection-end-column="5" />
          <folding />
        </state>
      </provider>
    </entry>
    <entry file="file://$PROJECT_DIR$/shipping.foa.shippingprovider.html">
      <provider selected="true" editor-type-id="text-editor">
        <state vertical-scroll-proportion="0.0" vertical-offset="0" max-vertical-offset="1271">
          <caret line="0" column="0" selection-start-line="0" selection-start-column="0" selection-end-line="0" selection-end-column="0" />
          <folding />
        </state>
      </provider>
    </entry>
    <entry file="file://$PROJECT_DIR$/shipping.foa.shippingprovider.controller.js">
      <provider selected="true" editor-type-id="text-editor">
        <state vertical-scroll-proportion="0.0" vertical-offset="186" max-vertical-offset="1519">
          <caret line="12" column="20" selection-start-line="12" selection-start-column="20" selection-end-line="12" selection-end-column="20" />
          <folding />
        </state>
      </provider>
    </entry>
    <entry file="file://$PROJECT_DIR$/shipping.foa.module.js">
      <provider selected="true" editor-type-id="text-editor">
        <state vertical-scroll-proportion="0.0" vertical-offset="279" max-vertical-offset="465">
          <caret line="9" column="5" selection-start-line="9" selection-start-column="5" selection-end-line="9" selection-end-column="5" />
          <folding />
        </state>
      </provider>
    </entry>
    <entry file="file://$PROJECT_DIR$/shipping.foa.module.js">
      <provider selected="true" editor-type-id="text-editor">
        <state vertical-scroll-proportion="0.0" vertical-offset="0" max-vertical-offset="465">
          <caret line="0" column="0" selection-start-line="0" selection-start-column="0" selection-end-line="0" selection-end-column="0" />
          <folding />
        </state>
      </provider>
    </entry>
    <entry file="file://$PROJECT_DIR$/package.manifest">
      <provider selected="true" editor-type-id="text-editor">
        <state vertical-scroll-proportion="0.0" vertical-offset="0" max-vertical-offset="341">
          <caret line="3" column="8" selection-start-line="3" selection-start-column="8" selection-end-line="3" selection-end-column="81" />
          <folding />
        </state>
      </provider>
    </entry>
    <entry file="file://$PROJECT_DIR$/shipping.foa.module.js">
      <provider selected="true" editor-type-id="text-editor">
        <state vertical-scroll-proportion="0.0" vertical-offset="0" max-vertical-offset="465">
          <caret line="4" column="25" selection-start-line="4" selection-start-column="25" selection-end-line="4" selection-end-column="25" />
          <folding />
        </state>
      </provider>
    </entry>
    <entry file="file://$PROJECT_DIR$/shipping.foa.shippingprovider.controller.js">
      <provider selected="true" editor-type-id="text-editor">
        <state vertical-scroll-proportion="0.0" vertical-offset="527" max-vertical-offset="1457">
          <caret line="31" column="12" selection-start-line="31" selection-start-column="12" selection-end-line="35" selection-end-column="21" />
          <folding />
        </state>
      </provider>
    </entry>
    <entry file="file://$PROJECT_DIR$/shipping.foa.shippingprovider.html">
      <provider selected="true" editor-type-id="text-editor">
        <state vertical-scroll-proportion="0.74651456" vertical-offset="279" max-vertical-offset="1271">
          <caret line="28" column="30" selection-start-line="28" selection-start-column="30" selection-end-line="28" selection-end-column="48" />
          <folding />
        </state>
      </provider>
    </entry>
  </component>
</project>