<?xml version="1.0" encoding="UTF-8"?>
<project version="4">
  <component name="ChangeListManager">
    <list default="true" id="e0c8517c-4cb8-4237-b0ab-5358043bdf8d" name="Default" comment="">
      <change type="NEW" beforePath="" afterPath="$PROJECT_DIR$/../../../../../../../src/Merchello.Web.UI.Client/src/common/models/dialogdata/AddEditCampaignSettingsDialogData.model.js" />
      <change type="NEW" beforePath="" afterPath="$PROJECT_DIR$/../../../../../../../src/Merchello.Web.UI.Client/tests/unit/models/AddressDisplay.model.spec.js" />
      <change type="NEW" beforePath="" afterPath="$PROJECT_DIR$/../../../../../../../src/Merchello.Core/Marketing/CampaignActivityAttribute.cs" />
      <change type="NEW" beforePath="" afterPath="$PROJECT_DIR$/../../../../../../../src/Merchello.Core/Models/CampaignActivityBase.cs" />
      <change type="NEW" beforePath="" afterPath="$PROJECT_DIR$/../../../../../../../src/Merchello.Core/Models/CampaignActivitySettings.cs" />
      <change type="NEW" beforePath="" afterPath="$PROJECT_DIR$/../../../../../../../src/Merchello.Web/Models/ContentEditing/CampaignActivitySettingsDisplay.cs" />
      <change type="NEW" beforePath="" afterPath="$PROJECT_DIR$/../../../../../../../src/Merchello.Web.UI.Client/src/common/models/marketing/CampaignActivitySettingsDisplay.model.js" />
      <change type="NEW" beforePath="" afterPath="$PROJECT_DIR$/../../../../../../../src/Merchello.Core/Models/Rdbms/CampaignActivitySettingsDto.cs" />
      <change type="NEW" beforePath="" afterPath="$PROJECT_DIR$/../../../../../../../src/Merchello.Core/Persistence/Factories/CampaignActivitySettingsFactory.cs" />
      <change type="NEW" beforePath="" afterPath="$PROJECT_DIR$/../../../../../../../src/Merchello.Core/Persistence/Mappers/CampaignActivitySettingsMapper.cs" />
      <change type="NEW" beforePath="" afterPath="$PROJECT_DIR$/../../../../../../../src/Merchello.Core/Persistence/Repositories/CampaignActivitySettingsRepository.cs" />
      <change type="NEW" beforePath="" afterPath="$PROJECT_DIR$/../../../../../../../src/Merchello.Core/Services/CampaignActivitySettingsService.cs" />
      <change type="NEW" beforePath="" afterPath="$PROJECT_DIR$/../../../../../../../test/Merchello.Tests.IntegrationTests/Services/CampaignSettings/CampaignActivitySettingsTests.cs" />
      <change type="NEW" beforePath="" afterPath="$PROJECT_DIR$/../../../../../../../src/Merchello.Core/Models/TypeFields/CampaignActivityTypeField.cs" />
      <change type="NEW" beforePath="" afterPath="$PROJECT_DIR$/../../../../../../../src/Merchello.Web/Models/MapperResolvers/CampaignActivityTypeFieldResolver.cs" />
      <change type="NEW" beforePath="" afterPath="$PROJECT_DIR$/../../../../../../../src/Merchello.Core/Models/CampaignSettings.cs" />
      <change type="NEW" beforePath="" afterPath="$PROJECT_DIR$/../../../../../../../src/Merchello.Core/Models/CampaignSettingsBase.cs" />
      <change type="NEW" beforePath="" afterPath="$PROJECT_DIR$/../../../../../../../src/Merchello.Web/Models/ContentEditing/CampaignSettingsDisplay.cs" />
      <change type="NEW" beforePath="" afterPath="$PROJECT_DIR$/../../../../../../../src/Merchello.Web.UI.Client/src/common/models/marketing/CampaignSettingsDisplay.model.js" />
      <change type="NEW" beforePath="" afterPath="$PROJECT_DIR$/../../../../../../../src/Merchello.Core/Models/Rdbms/CampaignSettingsDto.cs" />
      <change type="NEW" beforePath="" afterPath="$PROJECT_DIR$/../../../../../../../src/Merchello.Core/Models/CampaignSettingsExtensions.cs" />
      <change type="NEW" beforePath="" afterPath="$PROJECT_DIR$/../../../../../../../src/Merchello.Core/Persistence/Factories/CampaignSettingsFactory.cs" />
      <change type="NEW" beforePath="" afterPath="$PROJECT_DIR$/../../../../../../../src/Merchello.Core/Persistence/Mappers/CampaignSettingsMapper.cs" />
      <change type="NEW" beforePath="" afterPath="$PROJECT_DIR$/../../../../../../../src/Merchello.Core/Persistence/Repositories/CampaignSettingsRepository.cs" />
      <change type="NEW" beforePath="" afterPath="$PROJECT_DIR$/../../../../../../../src/Merchello.Core/Services/CampaignSettingsService.cs" />
      <change type="NEW" beforePath="" afterPath="$PROJECT_DIR$/../../../../../../../test/Merchello.Tests.IntegrationTests/Services/CampaignSettings/CampaignSettingsServiceTests.cs" />
      <change type="NEW" beforePath="" afterPath="$PROJECT_DIR$/../../../../../../../src/Merchello.Core/Persistence/Migrations/Upgrades/TargetVersionOneNineZero/CreateOneNineZeroTables.cs" />
      <change type="NEW" beforePath="" afterPath="$PROJECT_DIR$/../../../../../../../src/Merchello.Core/Models/Interfaces/ICampaignActivitySettings.cs" />
      <change type="NEW" beforePath="" afterPath="$PROJECT_DIR$/../../../../../../../src/Merchello.Core/Persistence/Repositories/Interfaces/ICampaignActivitySettingsRepository.cs" />
      <change type="NEW" beforePath="" afterPath="$PROJECT_DIR$/../../../../../../../src/Merchello.Core/Services/Interfaces/ICampaignActivitySettingsService.cs" />
      <change type="NEW" beforePath="" afterPath="$PROJECT_DIR$/../../../../../../../src/Merchello.Core/Models/TypeFields/Interfaces/ICampaignActivityTypeField.cs" />
      <change type="NEW" beforePath="" afterPath="$PROJECT_DIR$/../../../../../../../src/Merchello.Core/Models/Interfaces/ICampaignSettings.cs" />
      <change type="NEW" beforePath="" afterPath="$PROJECT_DIR$/../../../../../../../src/Merchello.Core/Models/Interfaces/ICampaignSettingsBase.cs" />
      <change type="NEW" beforePath="" afterPath="$PROJECT_DIR$/../../../../../../../src/Merchello.Core/Persistence/Repositories/Interfaces/ICampaignSettingsRepository.cs" />
      <change type="NEW" beforePath="" afterPath="$PROJECT_DIR$/../../../../../../../src/Merchello.Core/Services/Interfaces/ICampaignSettingsService.cs" />
      <change type="NEW" beforePath="" afterPath="$PROJECT_DIR$/../../../../../../../src/Merchello.Web/Editors/MarketingCampaignApiController.cs" />
      <change type="NEW" beforePath="" afterPath="$PROJECT_DIR$/../../../../../../../src/Merchello.Web.UI.Client/src/common/models/factories/marketing/campaignActivitySettingsDisplayBuilder.factory.js" />
      <change type="NEW" beforePath="" afterPath="$PROJECT_DIR$/../../../../../../../src/Merchello.Web.UI.Client/src/common/models/factories/marketing/campaignSettingsDisplayBuilder.factory.js" />
      <change type="NEW" beforePath="" afterPath="$PROJECT_DIR$/../../../../../../../src/Merchello.Web.UI.Client/src/views/marketing/campaignedit.controller.js" />
      <change type="NEW" beforePath="" afterPath="$PROJECT_DIR$/../../../../../../../src/Merchello.Web.UI.Client/src/views/marketing/campaignedit.html" />
      <change type="NEW" beforePath="" afterPath="$PROJECT_DIR$/../../../../../../../src/Merchello.Web.UI/App_Plugins/Merchello/Backoffice/Merchello/campaignedit.html" />
      <change type="NEW" beforePath="" afterPath="$PROJECT_DIR$/../../../../../../../src/Merchello.Web.UI.Client/src/views/marketing/dialogs/marketing.create.campaign.controller.js" />
      <change type="NEW" beforePath="" afterPath="$PROJECT_DIR$/../../../../../../../src/Merchello.Web.UI.Client/src/views/marketing/dialogs/marketing.create.campaign.html" />
      <change type="NEW" beforePath="" afterPath="$PROJECT_DIR$/../../../../../../../src/Merchello.Web.UI/App_Plugins/Merchello/Backoffice/Merchello/dialogs/marketing.create.campaign.html" />
      <change type="NEW" beforePath="" afterPath="$PROJECT_DIR$/../../../../../../../src/Merchello.Web.UI.Client/src/common/resources/marketingcampaign.resource.js" />
      <change type="DELETED" beforePath="C:\Working Repositories\GitHub\Merchello\src\Merchello.Web.UI.Client\src\common\resources\readme" afterPath="" />
      <change type="MODIFICATION" beforePath="$PROJECT_DIR$/../../../../../../../src/Merchello.Web.UI/App_Data/Umbraco.sdf" afterPath="$PROJECT_DIR$/../../../../../../../src/Merchello.Web.UI/App_Data/Umbraco.sdf" />
      <change type="MODIFICATION" beforePath="$PROJECT_DIR$/../../../../../../../.gitignore" afterPath="$PROJECT_DIR$/../../../../../../../.gitignore" />
      <change type="MODIFICATION" beforePath="$PROJECT_DIR$/../../../../../../../test/Merchello.Tests.IntegrationTests/App.config" afterPath="$PROJECT_DIR$/../../../../../../../test/Merchello.Tests.IntegrationTests/App.config" />
      <change type="MODIFICATION" beforePath="$PROJECT_DIR$/../../../../../../../src/Merchello.Core/Services/AppliedPaymentService.cs" afterPath="$PROJECT_DIR$/../../../../../../../src/Merchello.Core/Services/AppliedPaymentService.cs" />
      <change type="MODIFICATION" beforePath="$PROJECT_DIR$/../../../../../../../src/Merchello.Web/AutoMapperMappings-Payment.cs" afterPath="$PROJECT_DIR$/../../../../../../../src/Merchello.Web/AutoMapperMappings-Payment.cs" />
      <change type="MODIFICATION" beforePath="$PROJECT_DIR$/../../../../../../../src/Merchello.Web/AutoMapperMappings.cs" afterPath="$PROJECT_DIR$/../../../../../../../src/Merchello.Web/AutoMapperMappings.cs" />
      <change type="MODIFICATION" beforePath="$PROJECT_DIR$/../../../../../../../test/Merchello.Tests.UnitTests/Mappers/AutoMapperTests.cs" afterPath="$PROJECT_DIR$/../../../../../../../test/Merchello.Tests.UnitTests/Mappers/AutoMapperTests.cs" />
      <change type="MODIFICATION" beforePath="$PROJECT_DIR$/../../../../../../../src/Merchello.Core/Persistence/Migrations/Initial/BaseDataCreation.cs" afterPath="$PROJECT_DIR$/../../../../../../../src/Merchello.Core/Persistence/Migrations/Initial/BaseDataCreation.cs" />
      <change type="MODIFICATION" beforePath="$PROJECT_DIR$/../../../../../../../src/Merchello.Core/Constants-Keys.cs" afterPath="$PROJECT_DIR$/../../../../../../../src/Merchello.Core/Constants-Keys.cs" />
      <change type="MODIFICATION" beforePath="$PROJECT_DIR$/../../../../../../../src/Merchello.Core/Persistence/Migrations/Initial/DatabaseSchemaCreation.cs" afterPath="$PROJECT_DIR$/../../../../../../../src/Merchello.Core/Persistence/Migrations/Initial/DatabaseSchemaCreation.cs" />
      <change type="MODIFICATION" beforePath="$PROJECT_DIR$/../../../../../../../src/Merchello.Core/Models/TypeFields/EntityTypeField.cs" afterPath="$PROJECT_DIR$/../../../../../../../src/Merchello.Core/Models/TypeFields/EntityTypeField.cs" />
      <change type="MODIFICATION" beforePath="$PROJECT_DIR$/../../../../../../../src/Merchello.Core/Models/TypeFields/EnumTypeFieldConverter.cs" afterPath="$PROJECT_DIR$/../../../../../../../src/Merchello.Core/Models/TypeFields/EnumTypeFieldConverter.cs" />
      <change type="MODIFICATION" beforePath="$PROJECT_DIR$/../../../../../../../src/Merchello.Core/Services/Interfaces/IServiceContext.cs" afterPath="$PROJECT_DIR$/../../../../../../../src/Merchello.Core/Services/Interfaces/IServiceContext.cs" />
      <change type="MODIFICATION" beforePath="$PROJECT_DIR$/../../../../../../../src/Merchello.Core/Services/Interfaces/IStoreSettingService.cs" afterPath="$PROJECT_DIR$/../../../../../../../src/Merchello.Core/Services/Interfaces/IStoreSettingService.cs" />
      <change type="MODIFICATION" beforePath="$PROJECT_DIR$/../../../../../../../test/Merchello.Tests.IntegrationTests/A.DbInstall/InitialDataTests.cs" afterPath="$PROJECT_DIR$/../../../../../../../test/Merchello.Tests.IntegrationTests/A.DbInstall/InitialDataTests.cs" />
      <change type="MODIFICATION" beforePath="$PROJECT_DIR$/../../../../../../../test/Merchello.Tests.UnitTests/Localization/LocalizationFileTests.cs" afterPath="$PROJECT_DIR$/../../../../../../../test/Merchello.Tests.UnitTests/Localization/LocalizationFileTests.cs" />
      <change type="MODIFICATION" beforePath="$PROJECT_DIR$/../../../../../../../src/Merchello.Core/Merchello.Core.csproj" afterPath="$PROJECT_DIR$/../../../../../../../src/Merchello.Core/Merchello.Core.csproj" />
      <change type="MODIFICATION" beforePath="$PROJECT_DIR$/../../../../../../../test/Merchello.Tests.IntegrationTests/Merchello.Tests.IntegrationTests.csproj" afterPath="$PROJECT_DIR$/../../../../../../../test/Merchello.Tests.IntegrationTests/Merchello.Tests.IntegrationTests.csproj" />
      <change type="MODIFICATION" beforePath="$PROJECT_DIR$/../../../../../../../src/Merchello.Web.UI/bin/Merchello.Web.XML" afterPath="$PROJECT_DIR$/../../../../../../../src/Merchello.Web.UI/bin/Merchello.Web.XML" />
      <change type="MODIFICATION" beforePath="$PROJECT_DIR$/../../../../../../../src/Merchello.Web/Merchello.Web.csproj" afterPath="$PROJECT_DIR$/../../../../../../../src/Merchello.Web/Merchello.Web.csproj" />
      <change type="MODIFICATION" beforePath="C:\Working Repositories\GitHub\Merchello\src\Merchello.Web.UI\App_Plugins\Merchello\config\Merchello.config" afterPath="$PROJECT_DIR$/../../../../../../../src/Merchello.Web.UI/App_Plugins/Merchello/config/Merchello.config" />
      <change type="MODIFICATION" beforePath="$PROJECT_DIR$/../../../../../../../src/Merchello.Core/Persistence/Mappers/MerchelloMapper.cs" afterPath="$PROJECT_DIR$/../../../../../../../src/Merchello.Core/Persistence/Mappers/MerchelloMapper.cs" />
      <change type="MODIFICATION" beforePath="$PROJECT_DIR$/../../../../../../../test/Merchello.Tests.UnitTests/Mappers/MerchelloMapperTests.cs" afterPath="$PROJECT_DIR$/../../../../../../../test/Merchello.Tests.UnitTests/Mappers/MerchelloMapperTests.cs" />
      <change type="MODIFICATION" beforePath="$PROJECT_DIR$/../../../../../../../src/Merchello.Web/Editors/PaymentGatewayApiController.cs" afterPath="$PROJECT_DIR$/../../../../../../../src/Merchello.Web/Editors/PaymentGatewayApiController.cs" />
      <change type="MODIFICATION" beforePath="$PROJECT_DIR$/../../../../../../../src/Merchello.Core/Gateways/Payment/PaymentGatewayMethodAttribute.cs" afterPath="$PROJECT_DIR$/../../../../../../../src/Merchello.Core/Gateways/Payment/PaymentGatewayMethodAttribute.cs" />
      <change type="MODIFICATION" beforePath="$PROJECT_DIR$/../../../../../../../src/Merchello.Core/Models/Rdbms/ProductVariantDto.cs" afterPath="$PROJECT_DIR$/../../../../../../../src/Merchello.Core/Models/Rdbms/ProductVariantDto.cs" />
      <change type="MODIFICATION" beforePath="$PROJECT_DIR$/../../../../../../../src/Merchello.Core/Persistence/RepositoryFactory.cs" afterPath="$PROJECT_DIR$/../../../../../../../src/Merchello.Core/Persistence/RepositoryFactory.cs" />
      <change type="MODIFICATION" beforePath="$PROJECT_DIR$/../../../../../../../src/Merchello.Web/Trees/ServerVariablesParsingEvents.cs" afterPath="$PROJECT_DIR$/../../../../../../../src/Merchello.Web/Trees/ServerVariablesParsingEvents.cs" />
      <change type="MODIFICATION" beforePath="$PROJECT_DIR$/../../../../../../../src/Merchello.Core/Services/ServiceContext.cs" afterPath="$PROJECT_DIR$/../../../../../../../src/Merchello.Core/Services/ServiceContext.cs" />
      <change type="MODIFICATION" beforePath="$PROJECT_DIR$/../../../../../../../src/Merchello.Core/Configuration/Outline/TypeFieldDefinitionsElement.cs" afterPath="$PROJECT_DIR$/../../../../../../../src/Merchello.Core/Configuration/Outline/TypeFieldDefinitionsElement.cs" />
      <change type="MODIFICATION" beforePath="$PROJECT_DIR$/../../../../../../../src/Merchello.Core/TypeFieldMapperEnumerations.cs" afterPath="$PROJECT_DIR$/../../../../../../../src/Merchello.Core/TypeFieldMapperEnumerations.cs" />
      <change type="MODIFICATION" beforePath="$PROJECT_DIR$/../../../../../../../src/Merchello.Web.UI.Client/src/common/resources/auditlog.resource.js" afterPath="$PROJECT_DIR$/../../../../../../../src/Merchello.Web.UI.Client/src/common/resources/auditlog.resource.js" />
      <change type="MODIFICATION" beforePath="$PROJECT_DIR$/../../../../../../../src/Merchello.Web.UI.Client/src/views/marketing/campaignlist.controller.js" afterPath="$PROJECT_DIR$/../../../../../../../src/Merchello.Web.UI.Client/src/views/marketing/campaignlist.controller.js" />
      <change type="MODIFICATION" beforePath="$PROJECT_DIR$/../../../../../../../src/Merchello.Web.UI.Client/src/views/marketing/campaignlist.html" afterPath="$PROJECT_DIR$/../../../../../../../src/Merchello.Web.UI.Client/src/views/marketing/campaignlist.html" />
      <change type="MODIFICATION" beforePath="$PROJECT_DIR$/../../../../../../../src/Merchello.Web.UI/App_Plugins/Merchello/Backoffice/Merchello/campaignlist.html" afterPath="$PROJECT_DIR$/../../../../../../../src/Merchello.Web.UI/App_Plugins/Merchello/Backoffice/Merchello/campaignlist.html" />
      <change type="MODIFICATION" beforePath="$PROJECT_DIR$/../../../../../../../src/Merchello.Web.UI.Client/src/common/resources/customer.resource.js" afterPath="$PROJECT_DIR$/../../../../../../../src/Merchello.Web.UI.Client/src/common/resources/customer.resource.js" />
      <change type="MODIFICATION" beforePath="$PROJECT_DIR$/../../../../../../../src/Merchello.Web.UI.Client/src/views/customers/customeroverview.html" afterPath="$PROJECT_DIR$/../../../../../../../src/Merchello.Web.UI.Client/src/views/customers/customeroverview.html" />
      <change type="MODIFICATION" beforePath="$PROJECT_DIR$/../../../../../../../src/Merchello.Web.UI/App_Plugins/Merchello/Backoffice/Merchello/customeroverview.html" afterPath="$PROJECT_DIR$/../../../../../../../src/Merchello.Web.UI/App_Plugins/Merchello/Backoffice/Merchello/customeroverview.html" />
      <change type="MODIFICATION" beforePath="$PROJECT_DIR$/../../../../../../../src/Merchello.Web.UI.Client/src/config/lang/da.xml" afterPath="$PROJECT_DIR$/../../../../../../../src/Merchello.Web.UI.Client/src/config/lang/da.xml" />
      <change type="MODIFICATION" beforePath="C:\Working Repositories\GitHub\Merchello\src\Merchello.Web.UI\App_Plugins\Merchello\config\lang\da.xml" afterPath="$PROJECT_DIR$/../../../../../../../src/Merchello.Web.UI/App_Plugins/Merchello/config/lang/da.xml" />
      <change type="MODIFICATION" beforePath="$PROJECT_DIR$/../../../../../../../src/Merchello.Web.UI.Client/src/config/lang/en_us.xml" afterPath="$PROJECT_DIR$/../../../../../../../src/Merchello.Web.UI.Client/src/config/lang/en_us.xml" />
      <change type="MODIFICATION" beforePath="C:\Working Repositories\GitHub\Merchello\src\Merchello.Web.UI\App_Plugins\Merchello\config\lang\en_us.xml" afterPath="$PROJECT_DIR$/../../../../../../../src/Merchello.Web.UI/App_Plugins/Merchello/config/lang/en_us.xml" />
      <change type="MODIFICATION" beforePath="$PROJECT_DIR$/../../../../../../../src/Merchello.Web.UI.Client/src/config/lang/es.xml" afterPath="$PROJECT_DIR$/../../../../../../../src/Merchello.Web.UI.Client/src/config/lang/es.xml" />
      <change type="MODIFICATION" beforePath="C:\Working Repositories\GitHub\Merchello\src\Merchello.Web.UI\App_Plugins\Merchello\config\lang\es.xml" afterPath="$PROJECT_DIR$/../../../../../../../src/Merchello.Web.UI/App_Plugins/Merchello/config/lang/es.xml" />
      <change type="MODIFICATION" beforePath="$PROJECT_DIR$/../../../../../../../src/Merchello.Web.UI.Client/src/views/directives/filterbydaterange.directive.js" afterPath="$PROJECT_DIR$/../../../../../../../src/Merchello.Web.UI.Client/src/views/directives/filterbydaterange.directive.js" />
      <change type="MODIFICATION" beforePath="$PROJECT_DIR$/../../../../../../../src/Merchello.Web.UI.Client/src/common/resources/gatewayprovider.resource.js" afterPath="$PROJECT_DIR$/../../../../../../../src/Merchello.Web.UI.Client/src/common/resources/gatewayprovider.resource.js" />
      <change type="MODIFICATION" beforePath="$PROJECT_DIR$/../../../../../../../src/Merchello.Web.UI.Client/src/common/resources/invoice.resource.js" afterPath="$PROJECT_DIR$/../../../../../../../src/Merchello.Web.UI.Client/src/common/resources/invoice.resource.js" />
      <change type="MODIFICATION" beforePath="$PROJECT_DIR$/../../../../../../../src/Merchello.Web.UI.Client/src/config/lang/it.xml" afterPath="$PROJECT_DIR$/../../../../../../../src/Merchello.Web.UI.Client/src/config/lang/it.xml" />
      <change type="MODIFICATION" beforePath="C:\Working Repositories\GitHub\Merchello\src\Merchello.Web.UI\App_Plugins\Merchello\config\lang\it.xml" afterPath="$PROJECT_DIR$/../../../../../../../src/Merchello.Web.UI/App_Plugins/Merchello/config/lang/it.xml" />
      <change type="MODIFICATION" beforePath="$PROJECT_DIR$/../../../../../../../src/Merchello.Web.UI.Client/src/config/merchello.config" afterPath="$PROJECT_DIR$/../../../../../../../src/Merchello.Web.UI.Client/src/config/merchello.config" />
      <change type="MODIFICATION" beforePath="$PROJECT_DIR$/../../../../../../../src/Merchello.Web.UI/App_Plugins/Merchello/js/merchello.controllers.js" afterPath="$PROJECT_DIR$/../../../../../../../src/Merchello.Web.UI/App_Plugins/Merchello/js/merchello.controllers.js" />
      <change type="MODIFICATION" beforePath="$PROJECT_DIR$/../../../../../../../src/Merchello.Web.UI/App_Plugins/Merchello/js/merchello.directives.js" afterPath="$PROJECT_DIR$/../../../../../../../src/Merchello.Web.UI/App_Plugins/Merchello/js/merchello.directives.js" />
      <change type="MODIFICATION" beforePath="$PROJECT_DIR$/../../../../../../../src/Merchello.Web.UI/App_Plugins/Merchello/js/merchello.models.js" afterPath="$PROJECT_DIR$/../../../../../../../src/Merchello.Web.UI/App_Plugins/Merchello/js/merchello.models.js" />
      <change type="MODIFICATION" beforePath="$PROJECT_DIR$/../../../../../../../src/Merchello.Web.UI/App_Plugins/Merchello/js/merchello.resources.js" afterPath="$PROJECT_DIR$/../../../../../../../src/Merchello.Web.UI/App_Plugins/Merchello/js/merchello.resources.js" />
      <change type="MODIFICATION" beforePath="$PROJECT_DIR$/../../../../../../../src/Merchello.Web.UI.Client/tests/unit/merchello.tests.specRunner.html" afterPath="$PROJECT_DIR$/../../../../../../../src/Merchello.Web.UI.Client/tests/unit/merchello.tests.specRunner.html" />
      <change type="MODIFICATION" beforePath="$PROJECT_DIR$/../../../../../../../src/Merchello.Web.UI.Client/src/common/models/factories/merchelloTabsFactory.factory.js" afterPath="$PROJECT_DIR$/../../../../../../../src/Merchello.Web.UI.Client/src/common/models/factories/merchelloTabsFactory.factory.js" />
      <change type="MODIFICATION" beforePath="$PROJECT_DIR$/../../../../../../../src/Merchello.Web.UI.Client/src/common/resources/notificationGatewayProvider.resource.js" afterPath="$PROJECT_DIR$/../../../../../../../src/Merchello.Web.UI.Client/src/common/resources/notificationGatewayProvider.resource.js" />
      <change type="MODIFICATION" beforePath="$PROJECT_DIR$/../../../../../../../src/Merchello.Web.UI.Client/src/common/resources/order.resource.js" afterPath="$PROJECT_DIR$/../../../../../../../src/Merchello.Web.UI.Client/src/common/resources/order.resource.js" />
      <change type="MODIFICATION" beforePath="$PROJECT_DIR$/../../../../../../../src/Merchello.Web.UI.Client/src/common/resources/payment.resource.js" afterPath="$PROJECT_DIR$/../../../../../../../src/Merchello.Web.UI.Client/src/common/resources/payment.resource.js" />
      <change type="MODIFICATION" beforePath="$PROJECT_DIR$/../../../../../../../src/Merchello.Web.UI.Client/src/common/resources/paymentgatewayprovider.resource.js" afterPath="$PROJECT_DIR$/../../../../../../../src/Merchello.Web.UI.Client/src/common/resources/paymentgatewayprovider.resource.js" />
      <change type="MODIFICATION" beforePath="$PROJECT_DIR$/../../../../../../../src/Merchello.Web.UI.Client/src/common/resources/product.resource.js" afterPath="$PROJECT_DIR$/../../../../../../../src/Merchello.Web.UI.Client/src/common/resources/product.resource.js" />
      <change type="MODIFICATION" beforePath="$PROJECT_DIR$/../../../../../../../src/Merchello.Web.UI.Client/src/views/sales/saleoverview.controller.js" afterPath="$PROJECT_DIR$/../../../../../../../src/Merchello.Web.UI.Client/src/views/sales/saleoverview.controller.js" />
      <change type="MODIFICATION" beforePath="$PROJECT_DIR$/../../../../../../../src/Merchello.Web.UI.Client/src/views/sales/saleoverview.html" afterPath="$PROJECT_DIR$/../../../../../../../src/Merchello.Web.UI.Client/src/views/sales/saleoverview.html" />
      <change type="MODIFICATION" beforePath="$PROJECT_DIR$/../../../../../../../src/Merchello.Web.UI/App_Plugins/Merchello/Backoffice/Merchello/saleoverview.html" afterPath="$PROJECT_DIR$/../../../../../../../src/Merchello.Web.UI/App_Plugins/Merchello/Backoffice/Merchello/saleoverview.html" />
      <change type="MODIFICATION" beforePath="$PROJECT_DIR$/../../../../../../../src/Merchello.Web.UI.Client/src/common/resources/settings.resource.js" afterPath="$PROJECT_DIR$/../../../../../../../src/Merchello.Web.UI.Client/src/common/resources/settings.resource.js" />
      <change type="MODIFICATION" beforePath="$PROJECT_DIR$/../../../../../../../src/Merchello.Web.UI.Client/src/common/resources/shipment.resource.js" afterPath="$PROJECT_DIR$/../../../../../../../src/Merchello.Web.UI.Client/src/common/resources/shipment.resource.js" />
      <change type="MODIFICATION" beforePath="$PROJECT_DIR$/../../../../../../../src/Merchello.Web.UI.Client/src/common/resources/shippingfixedrateprovider.resource.js" afterPath="$PROJECT_DIR$/../../../../../../../src/Merchello.Web.UI.Client/src/common/resources/shippingfixedrateprovider.resource.js" />
      <change type="MODIFICATION" beforePath="$PROJECT_DIR$/../../../../../../../src/Merchello.Web.UI.Client/src/common/resources/shippinggatewayprovider.resource.js" afterPath="$PROJECT_DIR$/../../../../../../../src/Merchello.Web.UI.Client/src/common/resources/shippinggatewayprovider.resource.js" />
      <change type="MODIFICATION" beforePath="$PROJECT_DIR$/../../../../../../../src/Merchello.Web.UI.Client/src/common/resources/taxationgatewayprovider.resource.js" afterPath="$PROJECT_DIR$/../../../../../../../src/Merchello.Web.UI.Client/src/common/resources/taxationgatewayprovider.resource.js" />
      <change type="MODIFICATION" beforePath="$PROJECT_DIR$/../../../../../../../src/Merchello.Web.UI/App_Data/umbraco.config" afterPath="$PROJECT_DIR$/../../../../../../../src/Merchello.Web.UI/App_Data/umbraco.config" />
      <change type="MODIFICATION" beforePath="$PROJECT_DIR$/../../../../../../../src/Merchello.Web.UI.Client/tests/lib/merchello/umbraco.servervariables.js" afterPath="$PROJECT_DIR$/../../../../../../../src/Merchello.Web.UI.Client/tests/lib/merchello/umbraco.servervariables.js" />
      <change type="MODIFICATION" beforePath="$PROJECT_DIR$/../../../../../../../src/Merchello.Web.UI.Client/src/common/resources/warehouse.resource.js" afterPath="$PROJECT_DIR$/../../../../../../../src/Merchello.Web.UI.Client/src/common/resources/warehouse.resource.js" />
      <change type="MODIFICATION" beforePath="$PROJECT_DIR$/../../.idea/workspace.xml" afterPath="$PROJECT_DIR$/../../.idea/workspace.xml" />
      <change type="MODIFICATION" beforePath="$PROJECT_DIR$/.idea/workspace.xml" afterPath="$PROJECT_DIR$/.idea/workspace.xml" />
    </list>
    <ignored path="Merchello.Braintree.iws" />
    <ignored path=".idea/workspace.xml" />
    <option name="EXCLUDED_CONVERTED_TO_IGNORED" value="true" />
    <option name="TRACKING_ENABLED" value="true" />
    <option name="SHOW_DIALOG" value="false" />
    <option name="HIGHLIGHT_CONFLICTS" value="true" />
    <option name="HIGHLIGHT_NON_ACTIVE_CHANGELIST" value="false" />
    <option name="LAST_RESOLUTION" value="IGNORE" />
  </component>
  <component name="ChangesViewManager" flattened_view="true" show_ignored="false" />
  <component name="CreatePatchCommitExecutor">
    <option name="PATCH_PATH" value="" />
  </component>
  <component name="ExecutionTargetManager" SELECTED_TARGET="default_target" />
  <component name="FavoritesManager">
    <favorites_list name="Merchello.Braintree" />
  </component>
  <component name="FileEditorManager">
    <leaf>
      <file leaf-file-name="payment.braintree.providersettings.html" pinned="false" current-in-tab="true">
        <entry file="file://$PROJECT_DIR$/payment.braintree.providersettings.html">
          <provider selected="true" editor-type-id="text-editor">
            <state vertical-scroll-proportion="0.5361596">
              <caret line="60" column="77" selection-start-line="60" selection-start-column="77" selection-end-line="60" selection-end-column="77" />
              <folding />
            </state>
          </provider>
        </entry>
      </file>
    </leaf>
  </component>
  <component name="Git.Settings">
    <option name="RECENT_GIT_ROOT_PATH" value="$PROJECT_DIR$/../../../../../../.." />
  </component>
  <component name="IdeDocumentHistory">
    <option name="CHANGED_PATHS">
      <list>
        <option value="$PROJECT_DIR$/package.manifest" />
        <option value="$PROJECT_DIR$/payment.braintree.models.js" />
        <option value="$PROJECT_DIR$/payment.braintree.providersettings.controller.js" />
        <option value="$PROJECT_DIR$/payment.braintree.providersettings.html" />
      </list>
    </option>
  </component>
  <component name="JsBuildToolGruntFileManager" detection-done="true" />
  <component name="JsGulpfileManager">
    <detection-done>true</detection-done>
  </component>
  <component name="NamedScopeManager">
    <order />
  </component>
  <component name="ProjectFrameBounds">
    <option name="x" value="-9" />
    <option name="y" value="-9" />
    <option name="width" value="1938" />
    <option name="height" value="1050" />
  </component>
  <component name="ProjectLevelVcsManager" settingsEditedManually="true">
    <OptionsSetting value="true" id="Add" />
    <OptionsSetting value="true" id="Remove" />
    <OptionsSetting value="true" id="Checkout" />
    <OptionsSetting value="true" id="Update" />
    <OptionsSetting value="true" id="Status" />
    <OptionsSetting value="true" id="Edit" />
    <ConfirmationsSetting value="0" id="Add" />
    <ConfirmationsSetting value="0" id="Remove" />
  </component>
  <component name="ProjectView">
    <navigator currentView="ProjectPane" proportions="" version="1">
      <flattenPackages />
      <showMembers />
      <showModules />
      <showLibraryContents />
      <hideEmptyPackages />
      <abbreviatePackageNames />
      <autoscrollToSource />
      <autoscrollFromSource />
      <sortByType />
    </navigator>
    <panes>
      <pane id="ProjectPane">
        <subPane>
          <PATH>
            <PATH_ELEMENT>
              <option name="myItemId" value="Merchello.Braintree" />
              <option name="myItemType" value="com.intellij.ide.projectView.impl.nodes.ProjectViewProjectNode" />
            </PATH_ELEMENT>
          </PATH>
          <PATH>
            <PATH_ELEMENT>
              <option name="myItemId" value="Merchello.Braintree" />
              <option name="myItemType" value="com.intellij.ide.projectView.impl.nodes.ProjectViewProjectNode" />
            </PATH_ELEMENT>
            <PATH_ELEMENT>
              <option name="myItemId" value="Merchello.Braintree" />
              <option name="myItemType" value="com.intellij.ide.projectView.impl.nodes.PsiDirectoryNode" />
            </PATH_ELEMENT>
          </PATH>
        </subPane>
      </pane>
      <pane id="Scratches" />
      <pane id="Scope" />
    </panes>
  </component>
  <component name="PropertiesComponent">
    <property name="WebServerToolWindowFactoryState" value="false" />
    <property name="last_opened_file_path" value="$PROJECT_DIR$" />
    <property name="HbShouldOpenHtmlAsHb" value="" />
    <property name="FullScreen" value="false" />
  </component>
  <component name="RunManager">
    <configuration default="true" type="DartCommandLineRunConfigurationType" factoryName="Dart Command Line Application">
      <method />
    </configuration>
    <configuration default="true" type="DartUnitRunConfigurationType" factoryName="DartUnit">
      <method />
    </configuration>
    <configuration default="true" type="JSTestDriver:ConfigurationType" factoryName="JsTestDriver">
      <setting name="configLocationType" value="CONFIG_FILE" />
      <setting name="settingsFile" value="" />
      <setting name="serverType" value="INTERNAL" />
      <setting name="preferredDebugBrowser" value="Chrome" />
      <method />
    </configuration>
    <configuration default="true" type="JavaScriptTestRunnerKarma" factoryName="Karma" config-file="">
      <envs />
      <method />
    </configuration>
    <configuration default="true" type="JavascriptDebugType" factoryName="JavaScript Debug">
      <method />
    </configuration>
    <configuration default="true" type="NodeJSConfigurationType" factoryName="Node.js" working-dir="">
      <method />
    </configuration>
    <configuration default="true" type="cucumber.js" factoryName="Cucumber.js">
      <option name="cucumberJsArguments" value="" />
      <option name="executablePath" />
      <option name="filePath" />
      <method />
    </configuration>
    <configuration default="true" type="js.build_tools.gulp" factoryName="Gulp.js">
      <node-options />
      <gulpfile />
      <tasks />
      <arguments />
      <pass-parent-envs>true</pass-parent-envs>
      <envs />
      <method />
    </configuration>
  </component>
  <component name="ShelveChangesManager" show_recycled="false" />
  <component name="SvnConfiguration">
    <configuration />
  </component>
  <component name="TaskManager">
    <task active="true" id="Default" summary="Default task">
      <changelist id="e0c8517c-4cb8-4237-b0ab-5358043bdf8d" name="Default" comment="" />
      <created>1423613508691</created>
      <option name="number" value="Default" />
      <updated>1423613508691</updated>
    </task>
    <servers />
  </component>
  <component name="ToolWindowManager">
    <frame x="-9" y="-9" width="1938" height="1050" extended-state="0" />
    <editor active="true" />
    <layout>
      <window_info id="Project" active="false" anchor="left" auto_hide="false" internal_type="DOCKED" type="DOCKED" visible="true" weight="0.24960423" sideWeight="0.5" order="0" side_tool="false" content_ui="combo" />
      <window_info id="TODO" active="false" anchor="bottom" auto_hide="false" internal_type="DOCKED" type="DOCKED" visible="false" weight="0.33" sideWeight="0.5" order="6" side_tool="false" content_ui="tabs" />
      <window_info id="Event Log" active="false" anchor="bottom" auto_hide="false" internal_type="DOCKED" type="DOCKED" visible="false" weight="0.33" sideWeight="0.5" order="7" side_tool="true" content_ui="tabs" />
      <window_info id="Application Servers" active="false" anchor="bottom" auto_hide="false" internal_type="DOCKED" type="DOCKED" visible="false" weight="0.33" sideWeight="0.5" order="7" side_tool="false" content_ui="tabs" />
      <window_info id="Version Control" active="false" anchor="bottom" auto_hide="false" internal_type="DOCKED" type="DOCKED" visible="false" weight="0.33" sideWeight="0.5" order="7" side_tool="false" content_ui="tabs" />
      <window_info id="Structure" active="false" anchor="left" auto_hide="false" internal_type="DOCKED" type="DOCKED" visible="false" weight="0.25" sideWeight="0.5" order="1" side_tool="false" content_ui="tabs" />
      <window_info id="Terminal" active="false" anchor="bottom" auto_hide="false" internal_type="DOCKED" type="DOCKED" visible="false" weight="0.33" sideWeight="0.5" order="7" side_tool="false" content_ui="tabs" />
      <window_info id="Favorites" active="false" anchor="left" auto_hide="false" internal_type="DOCKED" type="DOCKED" visible="false" weight="0.33" sideWeight="0.5" order="2" side_tool="true" content_ui="tabs" />
      <window_info id="Changes" active="false" anchor="bottom" auto_hide="false" internal_type="DOCKED" type="DOCKED" visible="false" weight="0.33" sideWeight="0.5" order="7" side_tool="false" content_ui="tabs" />
      <window_info id="Cvs" active="false" anchor="bottom" auto_hide="false" internal_type="DOCKED" type="DOCKED" visible="false" weight="0.25" sideWeight="0.5" order="4" side_tool="false" content_ui="tabs" />
      <window_info id="Message" active="false" anchor="bottom" auto_hide="false" internal_type="DOCKED" type="DOCKED" visible="false" weight="0.33" sideWeight="0.5" order="0" side_tool="false" content_ui="tabs" />
      <window_info id="Commander" active="false" anchor="right" auto_hide="false" internal_type="SLIDING" type="SLIDING" visible="false" weight="0.4" sideWeight="0.5" order="0" side_tool="false" content_ui="tabs" />
      <window_info id="Inspection" active="false" anchor="bottom" auto_hide="false" internal_type="DOCKED" type="DOCKED" visible="false" weight="0.4" sideWeight="0.5" order="5" side_tool="false" content_ui="tabs" />
      <window_info id="Run" active="false" anchor="bottom" auto_hide="false" internal_type="DOCKED" type="DOCKED" visible="false" weight="0.33" sideWeight="0.5" order="2" side_tool="false" content_ui="tabs" />
      <window_info id="Hierarchy" active="false" anchor="right" auto_hide="false" internal_type="DOCKED" type="DOCKED" visible="false" weight="0.25" sideWeight="0.5" order="2" side_tool="false" content_ui="combo" />
      <window_info id="Find" active="false" anchor="bottom" auto_hide="false" internal_type="DOCKED" type="DOCKED" visible="false" weight="0.33" sideWeight="0.5" order="1" side_tool="false" content_ui="tabs" />
      <window_info id="Ant Build" active="false" anchor="right" auto_hide="false" internal_type="DOCKED" type="DOCKED" visible="false" weight="0.25" sideWeight="0.5" order="1" side_tool="false" content_ui="tabs" />
      <window_info id="Debug" active="false" anchor="bottom" auto_hide="false" internal_type="DOCKED" type="DOCKED" visible="false" weight="0.4" sideWeight="0.5" order="3" side_tool="false" content_ui="tabs" />
    </layout>
  </component>
  <component name="Vcs.Log.UiProperties">
    <option name="RECENTLY_FILTERED_USER_GROUPS">
      <collection />
    </option>
    <option name="RECENTLY_FILTERED_BRANCH_GROUPS">
      <collection />
    </option>
  </component>
  <component name="VcsContentAnnotationSettings">
    <option name="myLimit" value="2678400000" />
  </component>
  <component name="XDebuggerManager">
    <breakpoint-manager />
    <watches-manager />
  </component>
  <component name="editorHistoryManager">
    <entry file="file://$PROJECT_DIR$/payment.braintree.providersettings.html">
      <provider selected="true" editor-type-id="text-editor">
        <state vertical-scroll-proportion="0.0">
          <caret line="0" column="0" selection-start-line="0" selection-start-column="0" selection-end-line="0" selection-end-column="0" />
          <folding />
        </state>
      </provider>
    </entry>
    <entry file="file://$PROJECT_DIR$/payment.braintree.providersettings.controller.js">
      <provider selected="true" editor-type-id="text-editor">
        <state vertical-scroll-proportion="0.0">
          <caret line="14" column="95" selection-start-line="14" selection-start-column="95" selection-end-line="14" selection-end-column="95" />
          <folding />
        </state>
      </provider>
    </entry>
    <entry file="file://$PROJECT_DIR$/payment.braintree.providersettings.html">
      <provider selected="true" editor-type-id="text-editor">
        <state vertical-scroll-proportion="0.0">
          <caret line="0" column="0" selection-start-line="0" selection-start-column="0" selection-end-line="0" selection-end-column="0" />
          <folding />
        </state>
      </provider>
    </entry>
    <entry file="file://$PROJECT_DIR$/payment.braintree.providersettings.controller.js">
      <provider selected="true" editor-type-id="text-editor">
        <state vertical-scroll-proportion="0.0">
          <caret line="14" column="95" selection-start-line="14" selection-start-column="95" selection-end-line="14" selection-end-column="95" />
          <folding />
        </state>
      </provider>
    </entry>
    <entry file="file://$PROJECT_DIR$/payment.braintree.module.js">
      <provider selected="true" editor-type-id="text-editor">
        <state vertical-scroll-proportion="0.0">
          <caret line="1" column="20" selection-start-line="1" selection-start-column="20" selection-end-line="1" selection-end-column="47" />
        </state>
      </provider>
    </entry>
    <entry file="file://$PROJECT_DIR$/payment.braintree.providersettings.html">
      <provider selected="true" editor-type-id="text-editor">
        <state vertical-scroll-proportion="0.0">
          <caret line="0" column="0" selection-start-line="0" selection-start-column="0" selection-end-line="0" selection-end-column="0" />
          <folding />
        </state>
      </provider>
    </entry>
    <entry file="file://$PROJECT_DIR$/payment.braintree.providersettings.controller.js">
      <provider selected="true" editor-type-id="text-editor">
        <state vertical-scroll-proportion="0.0">
          <caret line="0" column="0" selection-start-line="0" selection-start-column="0" selection-end-line="0" selection-end-column="0" />
          <folding />
        </state>
      </provider>
    </entry>
    <entry file="file://$PROJECT_DIR$/payment.braintree.models.js">
      <provider selected="true" editor-type-id="text-editor">
        <state vertical-scroll-proportion="0.0">
          <caret line="49" column="53" selection-start-line="49" selection-start-column="53" selection-end-line="49" selection-end-column="53" />
        </state>
      </provider>
    </entry>
    <entry file="file://$PROJECT_DIR$/package.manifest">
      <provider selected="true" editor-type-id="text-editor">
        <state vertical-scroll-proportion="0.0">
          <caret line="3" column="70" selection-start-line="3" selection-start-column="70" selection-end-line="3" selection-end-column="70" />
        </state>
      </provider>
    </entry>
    <entry file="file://$PROJECT_DIR$/package.manifest">
      <provider selected="true" editor-type-id="text-editor">
        <state vertical-scroll-proportion="0.1104513">
          <caret line="3" column="70" selection-start-line="3" selection-start-column="70" selection-end-line="3" selection-end-column="70" />
        </state>
      </provider>
    </entry>
    <entry file="file://$PROJECT_DIR$/payment.braintree.module.js">
      <provider selected="true" editor-type-id="text-editor">
        <state vertical-scroll-proportion="0.0">
          <caret line="1" column="20" selection-start-line="1" selection-start-column="20" selection-end-line="1" selection-end-column="47" />
        </state>
      </provider>
    </entry>
    <entry file="file://$PROJECT_DIR$/payment.braintree.models.js">
      <provider selected="true" editor-type-id="text-editor">
        <state vertical-scroll-proportion="0.0">
          <caret line="35" column="43" selection-start-line="35" selection-start-column="43" selection-end-line="35" selection-end-column="43" />
        </state>
      </provider>
    </entry>
    <entry file="file://$PROJECT_DIR$/payment.braintree.providersettings.controller.js">
      <provider selected="true" editor-type-id="text-editor">
        <state vertical-scroll-proportion="0.51543945">
          <caret line="14" column="95" selection-start-line="14" selection-start-column="95" selection-end-line="14" selection-end-column="95" />
          <folding />
        </state>
      </provider>
    </entry>
    <entry file="file://$PROJECT_DIR$/payment.braintree.providersettings.html">
      <provider selected="true" editor-type-id="text-editor">
        <state vertical-scroll-proportion="0.5361596">
          <caret line="60" column="77" selection-start-line="60" selection-start-column="77" selection-end-line="60" selection-end-column="77" />
          <folding />
        </state>
      </provider>
    </entry>
  </component>
</project>