<?xml version="1.0" encoding="utf-8" standalone="yes"?>
<language>
  <area alias="sections">
    <key alias="merchello">Магазин</key>
  </area>
  <area alias="merchelloGeneral">
    <key alias="apply">Применить</key>
    <key alias="price">Цена</key>
    <key alias="customer">Покупатель</key>
    <key alias="total">Всего</key>
    <key alias="salePrice">Цена распродажи</key>
    <key alias="filter">Фильтр</key>
    <key alias="filterBy">Отфильтровать по</key>
    <key alias="chooseMedia">Выбрать медиа</key>
    <key alias="multipleOptions">Выбор свойств</key>
    <key alias="optional">(необяз.)</key>
    <key alias="percentSymbol" >%</key>
    <key alias="moneySymbol" >$</key>
    <key alias="trackingNumber" >№ квитанции </key>
    <key alias="shipment" >Доставка</key>
    <key alias="sku" >Артикул</key>
    <key alias="quantity" >К-во</key>
    <key alias="fulfill"> Завершен</key>
    <key alias="status"> Состояние</key>
    <key alias="type"> Тип</key>
    <key alias="amount"> Сумма</key>
    <key alias="via">Через</key>
    <key alias="options">Опции</key>
    <key alias="select">Выбрать</key>
    <key alias="all">Все</key>
    <key alias="none">Нет</key>
    <key alias="expired">Просрочен</key>
    <key alias="configured">Настроен</key>
    <key alias="notConfigured">Не настроен</key>
    <key alias="some">Некоторые</key>
    <key alias="lineItems">Строки</key>
    <key alias="setDateRange">Установить диапазон дат</key>
    <key alias="allDates">Все даты</key>
    <key alias="starting">Начало</key>
    <key alias="ending">Конец</key>
    <key alias="jan">January</key>
    <key alias="feb">February</key>
    <key alias="mar">March</key>
    <key alias="apr">April</key>
    <key alias="may">May</key>
    <key alias="jun">June</key>
    <key alias="jul">July</key>
    <key alias="aug">August</key>
    <key alias="sep">September</key>
    <key alias="oct">October</key>
    <key alias="nov">November</key>
    <key alias="dec">December</key>
    <key alias="monday">Monday</key>
    <key alias="tuesday">Tuesday</key>
    <key alias="wednesday">Wednesday</key>
    <key alias="thursday">Thursday</key>
    <key alias="friday">Friday</key>
    <key alias="saturday">Saturday</key>
    <key alias="sunday">Sunday</key>
      <key alias="day">Day</key>
      <key alias="item">Item</key>
      <key alias="items">Items</key>
      <key alias="totals">Totals</key>
      <key alias="quantity">Quantity</key>
      <key alias="subTotal">Sub Total</key>
  </area>
  <area alias="merchelloTree">
    <key alias="products">Товары</key>
    <key alias="sales">Продажи</key>
    <key alias="customers">Покупатели</key>
    <key alias="marketing">Маркетинг</key>
    <key alias="collections">Списки</key>
    <key alias="reports">Отчеты</key>
    <key alias="gateways">Провайдеры</key>
  </area>
  <area alias="merchelloTabs">
    <key alias="productListing">Список товаров</key>
    <key alias="productContentTypes">Типы документов</key>
    <key alias="product">Товар</key>
    <key alias="productVariants">Варианты товара</key>
    <key alias="productOptions">Свойства товара</key>
    <key alias="productVariantEditor">Редактор вариантов</key>
    <key alias="detachedContent">Расширенные свойства</key>
    <key alias="salesListing">Список продаж</key>
    <key alias="sales">Распродажа</key>
    <key alias="payments">Платежи</key>
    <key alias="payment">Оплата</key>
    <key alias="shipments">Доставки</key>
    <key alias="shipping">Доставка</key>
    <key alias="customerListing">Список покупателей</key>
    <key alias="customer">Покупатель</key>
    <key alias="customerAddresses">Адреса</key>
    <key alias="gatewayProviders">Провайдеры</key>
    <key alias="notification">Оповещение</key>
    <key alias="taxation">Налогообложение</key>
    <key alias="offerListing">Список предложений</key>
    <key alias="message">Сообщение</key>
    <key alias="offer">Предложение</key>
    <key alias="coupon">Купон</key>
    <key alias="reportListing">Отчеты</key>
    <key alias="render">Представление</key>
    <key alias="salesOverTime">Sales Over Time</key>
    <key alias="salesByItem">Sales By Item</key>
    <key alias="abandonedBasket">Abandoned Basket</key>
  </area>
  <area alias="merchelloReports">
    <key alias="anonymousBaskets">Anonymous Baskets</key>
    <key alias="anonymousCheckouts">Anonymous Checkouts</key>
    <key alias="anonymousCheckoutPercent">Anonymous Checkout Percent</key>
    <key alias="customerBaskets">Customer Baskets</key>
    <key alias="customerCheckouts">Customer Checkouts</key>
    <key alias="customerCheckoutPercent">Customer Checkout Percent</key>
      <key alias="thisWeekVsLast">This Week Vs. Last Week</key>
      <key alias="monthlyTotalSales">Monthly Total Sales</key>
      <key alias="topSellingItems"><![CDATA[ Top Selling Items <small>Top 10</small> ]]></key>
      <key alias="thisWeek">This Week</key>
      <key alias="lastWeek">Last Week</key>
      <key alias="quantitySold">Quantity Sold</key>
      <key alias="numberOfInvoices">Number of invoices</key>
      <key alias="abandonedBaskets">Abandoned Baskets and Completed Checkouts</key>
  </area>
  <area alias="merchelloProviders">
    <key alias="unpaidInvoiceCollection">Неоплаченные счета</key>
    <key alias="partialPaidInvoiceCollection">Частично оплаченные счета</key>
    <key alias="paidInvoiceCollection">Оплаченные счета</key>
    <key alias="notFulfilledOrderCollection">Незавершенные заказы</key>
    <key alias="openOrderCollection">Открытые заказы</key>
    <key alias="fulfilledOrderCollection">Завершенные заказы</key>
    <key alias="addProvider">Добавить провайдер</key>
  </area>
  <area alias="merchelloCollections">
    <key alias="providers">Провайдеры списков</key>
    <key alias="newCollection">Новая категория</key>
    <key alias="manageCollection">Управление категорией</key>
    <key alias="addEntities">Добавить товары в категорию</key>
    <key alias="removeEntities">Удалить товары из категории</key>
    <key alias="sortCollections">Сортировать категории</key>
    <key alias="staticProviders">Статические категории</key>
    <key alias="staticProvidersInfo">Разрешить создание именованных категорий и добавление элементов в них.</key>
    <key alias="product">Категории товаров</key>
    <key alias="customer">Списки покупателей</key>
    <key alias="invoice">Списки счетов</key>
    <key alias="emptyCollection">Этот список пуст.</key>
    <key alias="noQualifyingEntities">Нет других элементов для добавления в данный список.</key>
    <key alias="collectionPickerTitle">Категории</key>
    <key alias="collectionPickerInfo">Добавить этот товар в одну или несколько категорий.</key>
    <key alias="allItems">Все элементы</key>
    <key alias="allProduct">Все товары</key>
    <key alias="allCustomer">Все покупатели</key>
    <key alias="allInvoice">Все продажи</key>
    <key alias="allOffer">Все предложения</key>
    <key alias="productCollections">Категории товаров</key>
    <key alias="invoiceCollections">Списки счетов</key>
    <key alias="customerCollections">Списки покупателей</key>
  </area>
  <area alias="merchelloButtons">
    <key alias="void">Обнулить</key>
    <key alias="refund">Возврат</key>
    <key alias="delete">Удалить</key>
    <key alias="select">Выбрать</key>
    <key alias="remove">Убрать</key>
  </area>
  <area alias="merchelloHeadline">
    <key alias="catalog">Каталог</key>
  </area>
  <area alias="merchelloValidation">
    <key alias="nameFieldRequired">Наименование является обязательным</key>
    <key alias="contentTypeRequired">Тип документа является обязательным</key>
    <key alias="noteMessageRequired">The note message is required</key>
  </area>
  <area alias="merchelloTableCaptions">
    <key alias="name">Наименование</key>
    <key alias="alias">Алиас</key>
    <key alias="startDate">С даты</key>
    <key alias="endDate">По дату</key>
    <key alias="active">Активно</key>
    <key alias="sortOrder">Порядок</key>
  </area>
  <area alias="merchelloProducts">
    <key alias="emptyProductCollection">В этом списке сейчас нет ни одного товара</key>
    <key alias="shippable">Доставка</key>
    <key alias="taxable">Налог</key>
    <key alias="available">В наличии</key>
    <key alias="copyProduct">Создать копию</key>
    <key alias="newProductName">Задайте наименование товара</key>
    <key alias="newProductSku">Задайте артикул товара</key>
  </area>
  <area alias="merchelloDetachedContent">
    <key alias="selectContentType">Выберите тип документа</key>
    <key alias="productContentTypes">Типы документов для товаров</key>
    <key alias="slug">Ключ URL</key>
    <key alias="slugDescription">Ключи URL явлются фрагментами адреса страницы товара.</key>
    <key alias="selectTemplate">Выбрать шаблон страницы Umbraco</key>
    <key alias="canBeRendered">Разрешить отображение этого содержимого.</key>
    <key alias="productContentTypesInfo">Типы документов (типы контента) Umbraco, которые могут быть сопоставлены товарам и вариантам товаров Merchello.</key>
    <key alias="productContentType">Тип документа товара</key>
    <key alias="umbracoContentTypeName">Тип документа</key>
    <key alias="umbracoContentTypeAlias">Алиас</key>
    <key alias="tabs">Вкладки</key>
    <key alias="noDetachedContentTypes">
      <![CDATA[
      <h5>Товарам не сопоставлен ни один тип документа</h5>
      <p>Сопоставление может быть сделано через контекстое меню товаров.</p>
      ]]>
    </key>
    <key alias="noProductContentType"><![CDATA[
      <h5>Вы не выбрали тип документа для товаров</h5>
    ]]></key>
    <key alias="deleteWarning"><![CDATA[
    Эта операция также удалит ВСЕ значения дополнительных свойств, сопоставленных товарам этого типа.
    ]]></key>
    <key alias="removeDetachedContent">Удалить расширенные свойства</key>
    <key alias="removeDetachedContentWarning"><![CDATA[
    Удаление расширенных свойств НЕ удаляет сам товар или его вариант. Используйте эту операцию, если хотите
    удалить или изменить сопоставленный товару тип документа Umbraco. Эта операция удалит расширенные свойства для ВСЕХ языков.
    ]]></key>
  </area>
  <area alias="merchelloSales">
    <key alias="invoice">Счет</key>
    <key alias="invoiceNumber">Счет #</key>
    <key alias="paymentStatus">Сост. оплаты</key>
    <key alias="sales">Продаж</key>
    <key alias="capturePayment">Получить платеж</key>
    <key alias="processPayment">Провести платеж</key>
    <key alias="voidPayment">Обнулить платеж</key>
    <key alias="refundPayment">Вернуть платеж</key>
    <key alias="voidPaymentConfirmMessage">Вы уверены в том, что хотите обнулить этот платеж?</key>
    <key alias="paymentExpirationWarning">Вы могли не получить платеж по причине просроченной авторизации.</key>
    <key alias="processedBy">Проведен через</key>
    <key alias="refundMethod">Метод возврата</key>
    <key alias="noSales"><![CDATA[
        <h5>Продаж пока не было</h5>
        <p>Но вскоре обязательно будут!</p>
      ]]></key>
    <key alias="emptySalesCollection">В списке нет продаж</key>
    <key alias="invoiceNumber">Счет #</key>
    <key alias="paymentStatus">Сост. оплаты</key>
    <key alias="fulfillmentStatus">Завершение</key>
    <key alias="billingAddress">Платежный адрес</key>
    <key alias="noBillingAddress">Нет плат. адреса</key>
    <key alias="shippingAddress">Адрес доставки</key>
    <key alias="noShippingAddress">Нет адреса доставки</key>
    <key alias="paid">Оплачен</key>
    <key alias="unpaid">Не оплачен</key>
    <key alias="partial">Частично</key>
  </area>
  <area alias="merchelloNotes">
    <key alias="addNote">Add a new note</key>
    <key alias="editNote">Edit note</key>
  </area>
  <area alias="merchelloCustomers">
    <key alias="loginName">Логин</key>
    <key alias="newCustomer">Новый покупатель</key>
      <key alias="customerBaskets">Customer Baskets</key>
      <key alias="basket">Basket</key>
    <key alias="lastInvoiceTotal">Сумма последнего счета</key>
      <key alias="lastActivityDate">Last Activity Date</key>
    <key alias="location">Местоположение</key>
    <key alias="noCustomers">
      <![CDATA[
        <h5>Покупателей пока нет</h5>
        <p>Но вскоре обязательно появятся!</p>
      ]]>
    </key>
    <key alias="customerSaleHistory">
      <![CDATA[
      История продаж
      <small>Список покупок и их состояние</small>
      ]]>
    </key>
    <key alias="emptyCustomerCollection">В списке нет покупателей</key>
    <key alias="customerNotes">
      <![CDATA[
      Заметки
      <small>Заметки о покупателе (не относящиеся к продажам)</small>
      ]]>
    </key>
    <key alias="customerBasket">
      <![CDATA[
      Customer Basket
      <small>Items currently in the customer basket</small>
      ]]>
    </key>
    <key alias="customerWishlist">
      <![CDATA[
      Customer Wish List
      <small>Items currently in the customer wish list</small>
      ]]>
    </key>
      <key alias="itemCacheEmpty">Contains no items</key>
    <key alias="totalSpent">Всего проведено</key>
  </area>
  <area alias="merchelloMarketing">
    <key alias="currentOffers">Текущие предложения</key>
    <key alias="offerCode">Код предложения</key>
    <key alias="newOffer">Новое предложение</key>
    <key alias="noOffer">Нет текущих предложений</key>
    <key alias="newOfferPrompt">У Вас пока нет акций и спец. предложений для покупателей. Желаете создать?</key>
    <key alias="offerInfo">Установки предложения</key>
    <key alias="configOffer">Настроить данное предложение</key>
    <key alias="offerType">Тип предложения</key>
    <key alias="mustUniqueOfferCode">Коды предлоений не должны повторяться.</key>
    <key alias="offerSetExpires">Установить временные рамки предложения.</key>
    <key alias="offerNeverExpires">Без окончания.</key>
    <key alias="offerValidDates">Даты действия</key>
    <key alias="offerValidDatesInfo">Установите диапазон дат действия предложения.</key>
    <key alias="offerConstraintsInfo">Ограничения</key>
    <key alias="offerConstraintsConfig">Настройте ограничения для этого предложения.</key>
    <key alias="offerRewardsInfo">Вознаграждения</key>
    <key alias="offerRewardsConfig">Настройте вознаграждения для этого предложения.</key>
    <key alias="noConstraints">Нет доступных ограничений</key>
    <key alias="noRewards">Нет доступных вознаграждений</key>
    <key alias="noContraintsAssigned">Ограничения не назначены</key>
    <key alias="noRewardsAssigned">Вознаграждения не назначены</key>
    <key alias="componentAutoSaving">Компонент обновлен - автосохранение</key>
    <key alias="lineItemNameInfo">
      <![CDATA[Пометка товара<small>Этот текст появится в счете для товаров с вознаграждением.</small>]]>
    </key>
  </area>
  <area alias="merchelloVariant">
    <!-- things -->
    <key alias="product">Товар</key>
    <key alias="variant">Вариант</key>
    <key alias="sku">Артикул</key>
    <key alias="costOfGoods">Стоимость</key>
    <key alias="baseSku">Базовый артикул</key>
    <key alias="barcode">Штрихкод</key>
    <key alias="manufacturer">Производитель</key>
    <key alias="manufacturerModel"># по каталогу производителя</key>
    <key alias="variantInfo">Информация о варианте</key>
    <key alias="variantOptions">Свойства варианта</key>
    <key alias="downloads">Цифровой загружаемый товар</key>
    <key alias="optionName">Название свойства</key>
    <key alias="optionValues">Значения свойства</key>
    <!-- actions -->
    <key alias="newProduct">Новый товар</key>
    <key alias="createProduct">Создать товар</key>
    <key alias="createProductSub">Поля наименования (выше), цены, и артикула являются обязательными. Все остальные поля необязательны.</key>
    <key alias="newVariant">Новый вариант</key>
    <key alias="newVariantFor">Новый вариант для</key>
    <key alias="newVariantOn">Это будет новым вариантом для</key>
    <key alias="addVariant">Добавить вариант</key>
    <key alias="addVariantSub">Это будет новым вариантом товара %0%.</key>
    <key alias="addOption">Добавить еще одно свойство</key>
    <key alias="addOptions">Добавить свойство к данному варианту и произвести авто-заполнение этого свойтсва для всех других вариантов</key>
    <key alias="deleteProduct">Удалить товар</key>
    <key alias="deleteVariant">Удалить вариант</key>
    <key alias="toggleOnSale">Распродажа</key>
    <key alias="toggleAvailable">В наличии</key>
    <key alias="configVariant">Настроить этот вариант</key>
    <key alias="selectVariantOptions">Выбрать вариант/свойства, которые Вы хотите создать.</key>
    <key alias="addFile">Добавить файл к данному варианту</key>
    <key alias="trackInventory">Отслеживать остатки по данному варианту</key>
    <key alias="setInventoryPreferences">Установить предпочтения по отслеживанию складских остатков для данного варианта</key>
    <!-- phrases -->
    <key alias="barcodeExamples">например, UPC, ISBN</key>
    <key alias="optionNameExamples">(например, Размер, Стиль, Цвет)</key>
    <key alias="optionValueExamples">(например, Красный, Зеленый, Синий)</key>
    <key alias="hasDigitalDownload">Данный вариант содержит цифровые товары</key>
    <key alias="hasOptions">У данного варианта есть свойства (такие как цвет и размер)</key>
    <key alias="isTaxable">Данный вариант олагается налогом</key>
    <key alias="isShippable">Для данного варианта доступна доставка</key>
    <key alias="isOnSale">Данный вариант находится в распродаже</key>
    <key alias="isAvailable">Данный вариант имеется в наличии и доступен покупателям</key>
    <key alias="noProduct">У Вас пока нет ни одного товара.</key>
    <key alias="newProductPrompt">Создать новый товар сейчас? Достаточно нажать на конопку 'Новый товар'.</key>
    <key alias="limitSelect">Чисто товаров для показа</key>
    <key alias="mustUniqueSku">Должен иметь уникальный артикул</key>
    <key alias="inventoryWarning"><![CDATA[<p>ВАЖНО: если Вы выбираете сценарий отслеживания остатков, то остатки нужно установить вручную для каждого варианта товара (из списка ниже) после сохранния данонго товара. Однако, Вы можете установить величину базового остатка по-умолчанию, который применится ко <strong>всем вариантам товара</strong>.</p>]]></key>
    <key alias="startingInventoryWarning"><![CDATA[(Будет установлен начальный остаток для <strong>всех вариантов товара</strong> на <strong>всех складах</strong>)]]></key>
    <key alias="productOnSale">Распродажа</key>
    <key alias="allowOutOfStockPurchase">Разрешить продажу товара 'не в наличии'</key>
  </area>
  <area alias="merchelloOrder">
    <!-- moved to sales -->
    <key alias="invoice">Счет</key>
    <key alias="invoiceNumber">Счет #</key>
    <key alias="sales">Продажи</key>
    <key alias="saleInformation">Информация по продажам</key>
    <key alias="paymentStatus">Состояние платежа</key>
    <key alias="capturePayment">Принять платеж</key>
    <key alias="processPayment">Провести платеж</key>
    <key alias="voidPayment">Обнулить платеж</key>
    <key alias="refundPayment">Вернуть платеж</key>
    <key alias="voidPaymentConfirmMessage">Вы уверены в том, что хотите обнулить данный платеж?</key>
    <key alias="paymentExpirationWarning">Вы можете не получить платеж в случае просроченной авторизации.</key>
    <key alias="processedBy">Обработан</key>
    <key alias="refundMethod">Метод возврата</key>

    <!-- moved to general -->
    <key alias="lineItems">Позиции заказа</key>

    <key alias="order">Заказ</key>
    <key alias="orders">Заказы</key>
    <key alias="orderNumber">Заказ #</key>

    <key alias="fulfillmentStatus">Статус исполнения</key>
    <key alias="orderName">[Наименование заказа]</key>
    <key alias="createOrder">Создать заказ</key>

    <!-- to be removed -->
    <key alias="filter">Фильтр счетов</key>
    <key alias="addDateFilters">Добавить фильтр по датам</key>
    <key alias="removeDateFilters">Убрать фильтр по датам</key>
    <key alias="resetFilters">Сбросить фильтры</key>
    <key alias="invoicesPerPage">Счетов на странице</key>
    <key alias="archiveSales">Архивировать продажи</key>
    <key alias="unarchiveSales">Поднять из архива</key>
    <key alias="noSalesYet">У Вас пока нет продаж</key>
    <key alias="butSoonYouWill">но скоро непременно будут!</key>

    <!-- phrases -->
    <key alias="noOrders">У Вас пока нет заказов.</key>
    <key alias="attentionRequired">У Вас имеются заказы, с которыми нужно поработать</key>
    <key alias="fulfilled">Завершен</key>
    <key alias="unfulfilled">Не завершен</key>
    <key alias="open">Открыт</key>
  </area>
  <area alias="merchelloOrderView">
    <!-- things -->
    <key alias="invoiceNumber">Счет #</key>
    <key alias="customerInformation">Данные покупателя</key>
    <key alias="shippingAddress">Адрес доставки</key>
    <key alias="billingAddress">Платежный адрес</key>
    <key alias="orderInformation">Данные заказа</key>
    <!-- actions -->
    <!-- phrases -->
    <key alias="billingAndShippingAddressHelper">Адреса оплаты и доставки</key>
    <key alias="orderInformationHelper"><![CDATA[Товары и цены]]></key>
    <key alias="captureUpTo">Получение до</key>
    <key alias="salesTax">Налог</key>
    <key alias="authorized">Авторизован</key>
    <key alias="captured">Получен</key>
    <key alias="paymentHistory"> История оплат</key>
    <key alias="saleHistory">История продаж</key>
    <key alias="paymentHistoryHelper">Записи состояния для одного или нескольких платежей</key>
    <key alias="paymentProcessedBy">Платеж произведен через:</key>
    <key alias="resetFilters">Сбросить фильтры</key>
  </area>
  <area alias="merchelloFulfillShipment">
    <!-- phrases -->
    <key alias="fulfillManually">Завершить вручную</key>
    <key alias="createShipment">Создать доставку</key>
  </area>
  <area alias="merchelloWarehouse">
    <!-- things -->
    <key alias="warehouse">Склад</key>
    <key alias="warehouses">Склады</key>
    <key alias="stock">Запас</key>
    <key alias="lowCount">Мало</key>
    <key alias="location">Размещение</key>
    <!-- actions -->
    <!-- phrases -->
  </area>

  <!-- TODO KEEP THE MERCHELLO SHIPPING AREA -->
  <area alias="merchelloShipping">
    <!-- things -->
    <key alias="shipping">Доставка</key>
    <key alias="info">Информация о доставке</key>
    <key alias="weight">Вес</key>
    <key alias="dimensions">Размеры</key>
    <!-- actions -->
    <key alias="setVars">Установка параметров доставки: веса и размеров</key>
    <!-- phrases -->
      <key alias="editWarehouseHelper" >Изменить данные о складе</key>
      <key alias="editWarehouse" >Изменить склад</key>
      <key alias="shippingMethods" >Способы доставки</key>
      <key alias="shippingMethodsHelper" >Добавить способы доставки в имеющийся регион или создать новвй регион</key>
      <key alias="addCountry" >Добавить страну</key>
      <key alias="addCatalog">Добавить каталог</key>
      <key alias="selectCatalog">Выбрать каталог</key>
      <key alias="shippingProvidersMethodsTitle">Провайдеры и способы доставки</key>
      <key alias="shipContriesInfo"><![CDATA[
        Страны доставки
        <small>Список провайдеров и способов доставки, отсортированный по странам.</small>]]>
      </key>
     <key alias="warehouse">Склад</key>
  </area>
  <area alias="merchelloInventory">
    <!-- things -->
    <key alias="base">Базовый учет</key>
    <key alias="inventory">Учет</key>
    <key alias="tracking">Отслеживание количества</key>
    <!-- actions -->
    <!-- phrases -->
  </area>
  <area alias="merchelloPlaceholders">
    <key alias="enterProduct">Укажите наименование товара</key>
    <key alias="enterOrder">Начните набирать номер заказа или наименование...</key>to
    <key alias="addStyle">Добавить стиль...</key>
    <key alias="enterOffer">Укажите название спецпредложения</key>
  </area>

  <area alias="merchelloSettings">
    <key alias="storeDefaults">Настройки магазина</key>
    <key alias="setDefaultSettingsHelper">Укажите настройки по-умолчанию</key>
    <key alias="currency">Валюта</key>
    <key alias="dateFormat">Формат даты</key>
    <key alias="startingOrderNumber">Начальный номер заказа</key>
    <key alias="timeFormat">Формат времени</key>   
    <key alias="unitSystem">Система мер</key>
    <key alias="startingInvoiceNumber">Начальный номер счета</key>
    <key alias="startingShipmentNumber">Начальный номер доставки</key>
    <key alias="catalogDefaults">Свойства каталога</key>
    <key alias="catalogDefaultsHelper">Установите свойства всех товаров каталога по-умолчанию. Они могут быть затем изменены для каждого товара в отдельности.</key>
    <key alias="globalTaxable">Все товары облагаются налогом</key>
    <key alias="globalShippable">Все товары продаются с доставкой</key>
    <key alias="globalTrackInventory"><![CDATA[Отслеживать количество для всех товаров и вариантов]]></key>
    <key alias="globalShippingIsTaxable">Стоимость доставки облагается налогом</key>
    <key alias="globalTaxationApplication">Установить правила наогообложения</key>
    <key alias="defaultCultureName">Культура (язык) по-умолчанию</key>
  </area>

  <area alias="merchelloShippingCountry">
    <key alias="addCountry">Добавить страну</key>
    <key alias="typeCountryName" >Наберите название страны</key>
    <key alias="noneSelected" >-- не выбрано --</key>
  </area>
  <area alias="merchelloShippingWarehouse">
    <key alias="deleteComfirm" >Вы уверены, что хотите удалить склад </key>
    <key alias="address">Адрес</key>
    <key alias="primaryWarehouse" >Главный склад</key>
    <key alias="streetAddress" >Адрес</key>
    <key alias="extendedAddress">Доп. адрес</key>
    <key alias="city">Город</key>
    <key alias="stateProvince">Регион</key>
    <key alias="zip"> Почтовый индекс</key>
    <key alias="country"> Страна</key>
    <key alias="selectCountry" >Выбрать страну</key>
    <key alias="makePrimaryWarehouse" >Задать этот склад как главный</key>
    <key alias="addWarehouse" >Добавить склад</key>
    <key alias="editWarehouse" >Изменить склад</key>
  </area>
  <area alias="merchelloShippingMethod">
    <key alias="addEditShippingMethod">Добавить/изменить стоимость доставки для</key>
    <key alias="method" >Способ</key>
    <key alias="setRange" >Задать диапазон</key>
    <key alias="addNewRange" >Добавить диапазон</key>
    <key alias="adjustIndividualRegions" >Настроить для каждого региона</key>
    <key alias="region" >Регион</key>
    <key alias="adjustRate" >Размер ставки</key>
    <key alias="adjustBy" >Ставка в</key>
  </area>
  <area alias="merchelloShippingProvider">
    <key alias="provider" >Провайдер</key>
    <key alias="addProvider" >Добавить провайдер</key>
    <key alias="selectProvider" >Выберите провайдер</key>
    <key alias="selectResource" >Выберите ресурс</key>
  </area>
  <area alias="merchelloShippingHistory">
    <key alias="shipmentHistory" >История доставки</key>
    <key alias="shipmentHistoryHelper" >Записи состояния для имеющихся доставок</key>
    <key alias="shipment" >Доставка</key>
    <key alias="trackingNumber" >№ квитанции</key>
  </area>
  <area alias="merchelloTaxation">
    <key alias="taxation" >Налогообложение</key>
    <key alias="taxMethods" >Методы налогообложения</key>
    <key alias="taxMethodsHelper" >Установить простые ставки для регионов доставки</key>
    <key alias="taxIncludeInProductPrice">Включать в цену товара</key>
  </area>
  <area alias="merchelloNotifications">
    <key alias="notifications" >Уведомления</key>
    <key alias="addNotification" >Добавить уведомление</key>
  </area>
  <area alias="merchelloNotificationsEdit">
    <key alias="emailTemplate" >Шаблон письма</key>
    <key alias="emailTemplateHelper" >Изменит шаблон уведомительного письма</key>
    <key alias="emailTemplateEditBody" >Редактировать основной текст</key>
    <key alias="notificationSettings" >Параметры уведомлений</key>
    <key alias="notificationSettingsHelper" >Укажите кому и когда направлять уведомления</key>
    <key alias="description" >Описание</key>
    <key alias="attachedEvent" >Назначенное событие</key>
    <key alias="resourceType"></key>
    <key alias="eventAlias" >Код события:</key>
    <key alias="sendTo" ><![CDATA[Куда <small>(например, orders@yourdomain.com)</small>]]></key>
    <key alias="replyTo" ><![CDATA[Отвечать на <small>(например, reply@yourdomain.com)</small>]]></key>
    <key alias="emailCustomer" >Отослать покупателю</key>
  </area>
  <area alias="merchelloNotificationsEditTemplate">
    <key alias="header" >Шапка</key>
    <key alias="footer" >Подвал</key>
    <key alias="templateHelper" >Вы можете добавить статическое HTML-содержимое в шапку и подвал шаблона, например, &lt;br /&gt; для отображения пустой строки и т.п.</key>
  </area>
  <area alias="merchelloNotificationsDelete">
    <key alias="merchelloNotificationsDelete_deleteNotification">Удалить способ уведомления</key>
  </area>
  <area alias="merchelloNotificationsMessage">
    <add alias="replyTo">Отвечать на</add>
    <key alias="addEditMessage" >Добавить/изменить уведомительное сообщение</key>
    <key alias="attachedEvent" >Назначенное событие</key>
    <key alias="fromEmail" ><![CDATA[От кого <small>(например, confirmation@yourdomain.com)</small>]]></key>
  </area>
  <area alias="merchelloNotificationsMethod">
    <key alias="addEditMethod" >Добавить/изменить способ уведомления</key>
    <key alias="notificationsMethodResource" >Способ уведомления</key>
    <key alias="message" >Сообщение</key>
    <key alias="notification" >Уведомление</key>
    <key alias="event" >Событие</key>
    <key alias="sendTo" >Кому</key>
    <key alias="emailCustomer" >Отослать покупателю</key>
  </area>
  <area alias="merchelloGatewayProvider">
    <key alias="gatewayProvider" >Внешние шлюзы</key>
    <key alias="notificationProvider" >Провайдеры уведомлений</key>
    <key alias="notificationProviderHelper" >Включить/отключить провайдеры уведомлений</key>
    <key alias="paymentProvider" >Провайдеры оплаты</key>
    <key alias="paymentProviderHelper" >Включить/отключить провайдеры оплаты</key>
    <key alias="shippingProvider" > Провайдеры доставки</key>
    <key alias="shippingProviderHelper" >Включить/отключить провайдеры доставки</key>
    <key alias="taxationProvider" > Провайдеры налогообложения</key>
    <key alias="taxationProviderHelper" >Включить/отключить провайдеры налогообложения</key>
    <key alias="host" >Адрес/хост</key>
    <key alias="username" >Логин</key>
    <key alias="password" >Пароль</key>
    <key alias="enableSSL" >Разрешить SSL</key>
    <key alias="encryptProviderConfiguration" > Зашифровать параметры конфигурации</key>
    <key alias="providerName" >Название провайдера</key>
    <key alias="activate">включить</key>
    <key alias="deactivate" >отключить</key>
  </area>
  <area alias="merchelloPayment">
    <key alias="paymentInfo">Информация об оплате</key>
    <key alias="payment" >Платеж</key>
    <key alias="addPaymentMethod" >Добавить метод</key>
    <key alias="resourceType" >Тип ресурса:</key>
    <key alias="deletePayment" >Удалитьметод оплаты</key>
    <key alias="paymentMethod">Метод оплаты</key>
  </area>
  <area alias="merchelloPaymentMethod">
    <key alias="addEditPayment" >Добавить/изменить метод оплаты</key>
  </area>
  <area alias="merchelloMethodDelete">
    <key alias="deleteConfirmation">Вы уверены, что хотите удалить этот метод </key>
  </area>
  <area alias="merchelloDelete">
    <key alias="deleteConfirmation">Подтверждение удаления</key>
    <key alias="deleteConfirmMessage">Вы уверены, что хотите удалить </key>
  </area>
  <area alias="merchelloProductEdit">
    <key alias="enterProductName">Задайте наименование вара</key>
    <key alias="dragAndReorder">Измените порядок свойств и вариантов перетаскиванием</key>
    <key alias="reorderVariants">Пересортировать</key>
    <key alias="dragAndReorderHelper">Еслои Вы пересортируете свойства и варианты, изменится порядок их отображения в магазине. Перетаскивайте свойства (напр. цет или размер) вертикально, а варианты (напр. мужской или женский) горизонтально.</key>
    <key alias="changePrices">Изменить цены</key>
    <key alias="updateInventory">Обновить количество</key>
    <key alias="toggleAvailable">Товар доступен</key>
    <key alias="toggleOnSale">В распродаже</key>
    <key alias="duplicateVariant"> Скопировать вариант</key>
    <key alias="inAnother">В другом</key>
    <key alias="editOptions">Изменить свойства</key>
    <key alias="editOptionsHelper">Изменить или добавить свойства, которые автоматически обновятся во всех вариантах</key>
    <key alias="optionName">Название свойства</key>
    <key alias="optionNameHelper">(например, размер, стиль или цвет)</key>
    <key alias="optionValue">Значения свойства</key>
    <key alias="optionValueHelper">(например, красный, черный или белый)</key>
    <key alias="addStyle">Добавить стиль...</key>
    <key alias="addAnotherOption">Добавить еще свойство</key>
    <key alias="variantInformation">Информация о товаре</key>
    <key alias="variantInformationHelper">Изменить варианты для этого товара.</key>
    <key alias="selectProduct">Выбрать товар...</key>
    <key alias="selectMerchelloProduct">Выберите товар магазина</key>
    <key alias="selectYourProduct">Выберите товар</key>
    <key alias="removeProduct">Отключить этот товар</key>
    <key alias="itemLocation">Размещение</key>
  </area>

  <area alias="merchelloAuditLogs">
    <key alias="notificationShipping">Письмо о подтверждении доставки отослано %0%</key>
    <key alias="notificationSalesConfirmation">Письмо о подтверждении покупки отослано %0%</key>
    <key alias="paymentCaptured">Успешно получена %0% %1%</key>
    <key alias="paymentAuthorize">Успешно авторизованы для получения %0% %1%</key>
    <key alias="paymentVoided">Полатеж обнулен</key>
    <key alias="paymentDeclined">Платеж отклонен</key>
    <key alias="paymentRefunded">Мы вернули %0% %1% платежа</key>
    <key alias="invoiceDeleted">Счет %0% был удален</key>
    <key alias="paymentDeleted">Платеж был удален</key>
    <key alias="invoiceCreated">Совершена покупка. Счет № %0%</key>
    <key alias="invoiceStatusChanged">Счет отмечен как %0%</key>
    <key alias="orderCreated">Заказ № %0% был создан</key>
    <key alias="shipmentCreated">Создана квитанция о доставке на %0% позиций</key>
    <key alias="shipmentStatusChanged">Статус доставки изменился на %0%</key>
  </area>
</language>
