﻿<?xml version="1.0" encoding="utf-8" standalone="yes"?>
<language alias="it" intName="Italian" localName="italiano" lcid="" culture="it-IT">
  <area alias="merchelloGeneral">
    <key alias="apply">Applica</key>
    <key alias="price">Prezzo</key>
    <key alias="customer">Cliente</key>
    <key alias="total">Totale</key>
    <key alias="salePrice">Prezzo di vendita</key>
    <key alias="filter">Filtra</key>
    <key alias="filterBy">Filtrato per</key>
    <key alias="chooseMedia">Scegli un media</key>
    <key alias="multipleOptions">Opzioni multiple</key>
    <key alias="optional">(opzionale)</key>
    <key alias="percentSymbol">%</key>
    <key alias="moneySymbol">€</key>
    <key alias="trackingNumber">Numero tracciamento # </key>
    <key alias="shipment">Spedizione</key>
    <key alias="sku">SKU</key>
    <key alias="quantity">Quantità</key>
    <key alias="fulfill">Elabora</key>
    <key alias="status"> Stato</key>
    <key alias="type"> Tipo</key>
    <key alias="amount"> Quantità</key>
    <key alias="via"> Per</key>
    <key alias="options">Opzioni</key>
    <key alias="select">Seleziona</key>
    <key alias="all">Tutti</key>
    <key alias="none">Nessuno</key>
    <key alias="expired">Scaduti</key>
  </area>
  <area alias="merchelloTree">
    <key alias="products">Prodotti</key>
    <key alias="sales">Vendite</key>
    <key alias="customers">Clienti</key>
    <key alias="marketing">Marketing</key>
    <key alias="collections">Collezioni</key>
    <key alias="reports">Reports</key>
    <key alias="gateways">Gateway Providers</key>
  </area>
  <area alias="merchelloTabs">
    <key alias="productListing">Lista Prodotti</key>
    <key alias="product">Prodotto</key>
    <key alias="productVariants">Variani del Prodotto</key>
    <key alias="productOptions">Opzioni del Prodotto</key>
    <key alias="productVariantEditor">Editor della Variante del Prodotto</key>
    <key alias="salesListing">Lista Vendite</key>
    <key alias="sales">Vendita</key>
    <key alias="payments">Pagamenti</key>
    <key alias="payment">Pagamento</key>
    <key alias="shipments">Spedizioni</key>
    <key alias="shipping">Spedizione</key>
    <key alias="customerListing">Lista Clienti</key>
    <key alias="customer">Cliente</key>
    <key alias="customerAddresses">Indirizzi</key>
    <key alias="gatewayProviders">Gateway Providers</key>
    <key alias="notification">Notifica</key>
    <key alias="taxation">Tassazione</key>
    <key alias="offerListing">Lista Offerte</key>
    <key alias="offer">Offerta</key>
    <key alias="coupon">Coupon</key>
    <key alias="reportListing">Reports</key>
  </area>
  <area alias="merchelloProviders">
    <key alias="unpaidInvoiceCollection">Fatture non pagate</key>
    <key alias="partialPaidInvoiceCollection">Fatture parzialmente pagate</key>
    <key alias="paidInvoiceCollection">Fatture pagate</key>
    <key alias="notFulfilledOrderCollection">Ordini non elaborati</key>
    <key alias="openOrderCollection">Ordini aperti</key>
    <key alias="fulfilledOrderCollection">Ordini elaborati</key>
  </area>
  <area alias="merchelloCollections">
    <key alias="providers">Collezione dei Providers</key>
    <key alias="newCollection">Nuova Collezione</key>
    <key alias="manageCollection">Gestisci Collezione</key>
    <key alias="addEntities">Aggiungi una nuova collezione di elementi</key>
    <key alias="removeEntities">Rimuovi la collezione di elementi</key>
    <key alias="sortCollections">Ordina le Collezioni</key>
    <key alias="staticProviders">Collezioni Statichekey</key>
    <key alias="staticProvidersInfo">Permetti agli utenti di creare proprie collezioni dove possono essere aggiunti elementi.</key>
    <key alias="product">Collezioni di Prodotti</key>
    <key alias="customer">Collezioni di Clienti</key>
    <key alias="invoice">Collezioni di Fatture</key>
    <key alias="emptyCollection">La collezione è vuota.</key>
    <key alias="noQualifyingEntities">Non ci sono altri elementi che possono essere aggiunti alla collezione.</key>
    <key alias="collectionPickerTitle">Collezioni</key>
    <key alias="collectionPickerInfo">Aggiunti questo elemento a una o più collezioni.</key>
    <key alias="allItems">Tutti gli elementi</key>
    <key alias="productCollections">Collezioni di Prodotti</key>
    <key alias="invoiceCollections">Collezioni di Fatture</key>
    <key alias="customerCollections">Collezioni di Clienti</key>
  </area>
  <area alias="merchelloButtons">
    <key alias="void">Annulla</key>
    <key alias="refund">Rimborsa</key>
    <key alias="delete">Cancella</key>
    <key alias="select">Seleziona</key>
    <key alias="remove">Rimuovi</key>
  </area>
  <area alias="merchelloHeadline">
    <key alias="catalog">Catalogo</key>
  </area>
  <area alias="merchelloValidation">
    <key alias="nameFieldRequired">Il compo nome è obblifatorio</key>
  </area>
  <area alias="merchelloTableCaptions">
    <key alias="name">Nome</key>
    <key alias="alias">Alias</key>
    <key alias="startDate">Data Inizio</key>
    <key alias="endDate">Data Fine</key>
    <key alias="active">Attivo</key>
    <key alias="sortOrder">Ordine</key>
  </area>
  <area alias="merchelloProducts">
    <key alias="emptyProductCollection">Non sono presenti prodotti nella collezione</key>
  </area>
  <area alias="merchelloSales">
    <key alias="noSales">
      <![CDATA[
        <h5>Non hai ancora vendite</h5>
        <p>Ma arriveranno presto!</p>
      ]]>
    </key>
    <key alias="emptySalesCollection">Non sono presenti vendite nella collezione</key>
    <key alias="invoiceNumber">Fattura #</key>
    <key alias="paymentStatus">Stato del pagamento</key>
    <key alias="fulfillmentStatus">Stato dell'elaborazione</key>

  </area>
  <area alias="merchelloCustomers">
    <key alias="newCustomer">Nuovo Cliente</key>
    <key alias="noCustomers">
      <![CDATA[
        <h5>You Have No Customers</h5>
        <p>But you will soon!</p>
      ]]>
    </key>
    <key alias="emptyCustomerCollection">Non sono presenti clienti in questa collezione</key>
    <key alias="customerNotes">
      <![CDATA[
      Customer Notes
      <small>Notes about the customer (not sale specific)</small>
      ]]>
    </key>
  </area>
  <area alias="merchelloMarketing">
    <key alias="currentOffers">Offerte Correnti</key>
    <key alias="offerCode">Codice Offerta</key>
    <key alias="newOffer">Nuova offerta</key>
    <key alias="noOffer">Non ci sono offerte correnti</key>
    <key alias="newOfferPrompt">Non hai offerto alcuna offerta speciale per i tuoi clienti. Perchè non ne crei una?</key>
    <key alias="offerInfo">Impostezioni dell'offerta</key>
    <key alias="configOffer">Configura questa offerta</key>
    <key alias="offerType">Tipo di offerta</key>
    <key alias="mustUniqueOfferCode">Il codice dell'offerta deve essere univoco.</key>
    <key alias="offerSetExpires">Questa offerta è valida per date specifiche.</key>
    <key alias="offerNeverExpires">Non scade.</key>
    <key alias="offerValidDates">Date di validità dell'offerta</key>
    <key alias="offerValidDatesInfo">Imposta le date in cui questa offerta è valida.</key>
    <key alias="offerConstraintsInfo">Vincoli</key>
    <key alias="offerConstraintsConfig">Configura i vincoli associati all'offerta.</key>
    <key alias="offerRewardsInfo">Sconto</key>
    <key alias="offerRewardsConfig">Configura lo sconto associato a questa offerta.</key>
  </area>
  <area alias="merchelloVariant">
    <!-- things -->
    <key alias="product">Prodotto</key>
    <key alias="variant">Variante</key>
    <key alias="sku">SKU</key>
    <key alias="costOfGoods">Costo dei Prodotti</key>
    <key alias="baseSku">Base Sku</key>
    <key alias="barcode">Barcode</key>
    <key alias="manufacturer">Produttore</key>
    <key alias="manufacturerModel">N. modello produttore</key>
    <key alias="variantInfo">Informazioni della variante</key>
    <key alias="variantOptions">Opzini della variante</key>
    <key alias="downloads">Download digitale</key>
    <key alias="optionName">Nome dell'opzione</key>
    <key alias="optionValues">Valore dell'opzione</key>
    <!-- actions -->
    <key alias="newProduct">Nuovo prodotto</key>
    <key alias="createProduct">Crea un prodotto</key>
    <key alias="createProductSub">Il nome (sopra), prezzo e SKU sono obbligatori. GLi altri paramentri sono opzionali.</key>
    <key alias="newVariant">Nuova variante</key>
    <key alias="newVariantFor">Nuova variante per</key>
    <key alias="newVariantOn">Questa sarà una nuova variante</key>
    <key alias="addVariant">Aggiungi variante</key>
    <key alias="addVariantSub">Questa sarà una nuova variante per il prodotto %0%.</key>
    <key alias="addOption">Aggiungi altra opzione</key>
    <key alias="addOptions">Aggiungi opzioni e popola varianti per ogni opzione</key>
    <key alias="deleteProduct">Cancella prodotto</key>
    <key alias="deleteVariant">Cancella varianti</key>
    <key alias="toggleOnSale">In vendita</key>
    <key alias="toggleAvailable">Disponibile</key>
    <key alias="configVariant">Configura questa variante</key>
    <key alias="selectVariantOptions">Seleziona le varianti/opzioni che vorresti creare.</key>
    <key alias="addFile">Aggiungi un file alla tua variante</key>
    <key alias="trackInventory">Gestisci il magazzino per questa variante</key>
    <key alias="setInventoryPreferences">Configurar la gestión de "sin stock" y ajustar el stock para esta variante</key>
    <!-- phrases -->
    <key alias="barcodeExamples">es. UPC, ISBN</key>
    <key alias="optionNameExamples">(es. taglia, stile, colore)</key>
    <key alias="optionValueExamples">(es. rosso, verde, blu)</key>
    <key alias="hasDigitalDownload">Ha download digitale</key>
    <key alias="hasOptions">Ha opzioni (colori, taglie)</key>
    <key alias="isTaxable">E' tassabile</key>
    <key alias="isShippable">E' spedibile</key>
    <key alias="isOnSale">Questa variante è in vendita</key>
    <key alias="isAvailable">Questa variante è disponibile</key>
    <key alias="noProduct">Non hai prodotti.</key>
    <key alias="newProductPrompt">Vuoi crearne uno? Premi semplicemente il bottone nuovo prodotto.</key>
    <key alias="limitSelect">Nuome di prodotti da visualizzare</key>
    <key alias="mustUniqueSku">Deve avere un SKU univoco</key>
    <key alias="inventoryWarning"><![CDATA[<p>Importante: se si sceglie di gestire la disponibilità, si deve settare manualmente ogni variante (lista sotto) una volta che questo prodotto venga salvato. Comunque, puoi settare una dispobibilità di default da applicare a <strong>tutte le varianti</strong>.</p>]]></key>
    <key alias="startingInventoryWarning"><![CDATA[(Verrà impostata la disponibilità per <strong>tutte le varianti</strong> e <strong>tutti i magazzini</strong>)]]></key>
    <key alias="productOnSale">In vendita</key>
  </area>
  <area alias="merchelloOrder">
    <!-- things -->
    <key alias="invoice">Fattura</key>
    <key alias="invoiceNumber">Fattura #</key>
    <key alias="order">Ordine</key>
    <key alias="orders">Ordini</key>
    <key alias="orderNumber">Ordine #</key>
    <key alias="paymentStatus">Stato del Pagamento</key>
    <key alias="fulfillmentStatus">Stato dell'Elaborazione</key>
    <key alias="lineItems">Linea Prodotti</key>
    <key alias="orderName">[Nome dell'Ordine]</key>
    <key alias="createOrder">Crea Ordine</key>
    <key alias="sales">Vendite</key>
    <key alias="saleInformation">Informazioni sulla Vendita</key>
    <!-- actions -->
    <key alias="filter">Filtra Fatture</key>
    <key alias="addDateFilters">Aggiungi filtri data</key>
    <key alias="removeDateFilters">Rimuovi filtri data</key>
    <key alias="capturePayment">Acquisisci Pagamento</key>
    <key alias="processPayment">Processa Pagamento</key>
    <key alias="voidPayment">Annulla Pagamento</key>
    <key alias="refundPayment">Rimborsa Pagamento</key>
    <key alias="voidPaymentConfirmMessage">Sei sicuro di voler annullare il pagamento?</key>
    <!-- phrases -->
    <key alias="invoicesPerPage">Fatture / Pagina</key>
    <key alias="noOrders">Non hai ordini.</key>
    <key alias="attentionRequired">Hai ordini che richiedono la tua attenzione</key>
    <key alias="paymentExpirationWarning">Potresti non ricevere il pagamento per un'autorizzazione scaduta.</key>
    <key alias="processedBy">Gestito da</key>
    <key alias="refundMethod">Metodo di rimborso</key>
    <key alias="resetFilters">Resetta filtri</key>
    <key alias="archiveSales">Archivia vendite</key>
    <key alias="unarchiveSales">Annulla archiviazione vendite</key>
    <key alias="noSalesYet">Non hai ancora vendite</key>
    <key alias="butSoonYouWill">ma arriveranno presto!</key>
  </area>
  <area alias="merchelloOrderView">
    <!-- things -->
    <key alias="invoiceNumber">Fattura #</key>
    <key alias="customerInformation">Informazioni sul Cliente</key>
    <key alias="shippingAddress">Indirizzo di spedizione</key>
    <key alias="billingAddress">Indirizzo di fatturazione</key>
    <key alias="orderInformation">Informazioni dell'ordine</key>
    <!-- actions -->
    <!-- phrases -->
    <key alias="billingAndShippingAddressHelper">Indirizzi di spedizione e fatturazione</key>
    <key alias="orderInformationHelper"><![CDATA[Lista di prodotti & costi]]></key>
    <key alias="captureUpTo">Acquisisci pagamento per</key>
    <key alias="salesTax">Tasse</key>
    <key alias="authorized">Autorizzato</key>
    <key alias="captured">Acquisito</key>
    <key alias="paymentHistory"> Storico pagamenti</key>
    <key alias="saleHistory">Storico vendita</key>
    <key alias="paymentHistoryHelper">Stati di uno o più pagamenti</key>
    <key alias="paymentProcessedBy">Pagamento gestito da:</key>
    <key alias="resetFilters">Resetta Filtri</key>
  </area>
  <area alias="merchelloFulfillShipment">
    <!-- phrases -->
    <key alias="fulfillManually">Elabora Manualmente</key>
    <key alias="createShipment">Crea Spedizione</key>
  </area>
  <area alias="merchelloWarehouse">
    <!-- things -->
    <key alias="warehouse">Magazzino</key>
    <key alias="warehouses">Magazzini</key>
    <key alias="stock">Quantità</key>
    <key alias="lowCount">Scarsa quantità</key>
    <key alias="location">Locazione</key>
    <!-- actions -->
    <!-- phrases -->
  </area>
  <area alias="merchelloShipping">
    <!-- things -->
    <key alias="shipping">Spedizione</key>
    <key alias="info">Informazioni sulla spedizione</key>
    <key alias="weight">Peso</key>
    <key alias="dimensions">Dimensioni</key>
    <!-- actions -->
    <key alias="setVars">Imposta informazioni sulla spedizione: peso e dimensioni</key>
    <!-- phrases -->
    <key alias="editWarehouseHelper">Modifica le impostazioni del tuo magazzino</key>
    <key alias="editWarehouse">Impostazioni del magazzino</key>
    <key alias="shippingMethods">Metodi di spedizione</key>
    <key alias="shippingMethodsHelper">Aggiungi metodi di spedizione per Regioni già presenti o aggiungi nuove regioni</key>
    <key alias="addCountry">Aggiungi una nazione</key>
  </area>
  <area alias="merchelloInventory">
    <!-- things -->
    <key alias="base">Disponibilità default</key>
    <key alias="inventory">Disponibilità</key>
    <key alias="tracking">Gestione magazzino</key>
    <!-- actions -->
    <!-- phrases -->
  </area>
  <area alias="merchelloPlaceholders">
    <key alias="enterProduct">Inserisci un nome del prodotto</key>
    <key alias="enterOrder">Scrivi un numero ordine o un nome...</key>to
    <key alias="addStyle">Aggiungi uno stile...</key>
    <key alias="enterOffer">Inserisci un nome dell'offerta</key>
  </area>
  <area alias="merchelloSettings">
    <key alias="storeDefaults">Impostazioni del negozio</key>
    <key alias="setDefaultSettingsHelper">Imposta i valori di default del negozio</key>
    <key alias="currency">Valuta</key>
    <key alias="dateFormat">Formato data</key>
    <key alias="startingOrderNumber">Numero ordine iniziale</key>
    <key alias="timeFormat">Formato ora</key>
    <key alias="unitSystem">Unità di misura</key>
    <key alias="startingInvoiceNumber">Numero fattura iniziale</key>
    <key alias="startingShipmentNumber">Numero spedizione iniziale</key>
    <key alias="catalogDefaults">Impostazioni del catalogo</key>
    <key alias="catalogDefaultsHelper">Consente di impostare le opzioni predefinite del catalogo. Potranno comunque essere cambiate nelle impostazioni di ciascun prodotto.</key>
    <key alias="globalTaxable">Tutti i prodotti sono tassabili</key>
    <key alias="globalShippable">Tutti i prodotti sono spedibili</key>
    <key alias="globalTrackInventory">Gestione magazzino per ogni prodotto e sua variante</key>
    <key alias="globalShippingIsTaxable">Le spese di spedizione sono tassabili</key>
    <key alias="globalTaxationApplication">Imposta come le tasse devono esser applicate</key>
  </area>
  <area alias="merchelloShippingCountry">
    <key alias="addCountry">Aggiungi una nazione</key>
    <key alias="typeCountryName">Nome del tipo della naizone</key>
    <key alias="noneSelected">-- seleziona una nazione --</key>
  </area>
  <area alias="merchelloShippingWarehouse">
    <key alias="deleteComfirm">Sicuro di voler togliere il magazzino?</key>
    <key alias="address">Indirizzo</key>
    <key alias="primaryWarehouse">Magazzino principale</key>
    <key alias="streetAddress">Indirizzo</key>
    <key alias="extendedAddress">Indirizzo esteso</key>
    <key alias="city">Città</key>
    <key alias="stateProvince">Stato/Provincia</key>
    <key alias="zip"> Codice postale</key>
    <key alias="country"> Nazione</key>
    <key alias="selectCountry">Seleziona una nazione</key>
    <key alias="makePrimaryWarehouse">Rendi questo magazzino come principale</key>
    <key alias="addWarehouse">Aggiungi un magazzino</key>
    <key alias="editWarehouse">Modifica magazzino</key>
  </area>
  <area alias="merchelloShippingMethod">
    <key alias="addEditShippingMethod">Aggiungi/modifica un metodo di spedizione</key>
    <key alias="method">Metodo</key>
    <key alias="setRange">Imposta range</key>
    <key alias="addNewRange">Aggiungi un nuovo range</key>
    <key alias="adjustIndividualRegions">Modifica per ogni ciascuna area</key>
    <key alias="region">Area</key>
    <key alias="adjustRate">Modifica tasso</key>
    <key alias="adjustBy">Modifica secondo</key>
  </area>
  <area alias="merchelloShippingProvider">
    <key alias="provider">Provider</key>
    <key alias="addProvider">Aggiungi un provider</key>
    <key alias="selectProvider">Seleziona un provider</key>
    <key alias="selectResource">Seleziona una sorgente</key>
  </area>
  <area alias="merchelloShippingHistory">
    <key alias="shipmentHistory">Storico spedizione</key>
    <key alias="shipmentHistoryHelper">Stati di una o più spedizioni</key>
    <key alias="shipment">Shipment</key>
    <key alias="trackingNumber">Tracking #</key>
  </area>
  <area alias="merchelloTaxation">
    <key alias="taxation">Tassazione</key>
    <key alias="taxMethods">Metodo di gestione della tassazione</key>
    <key alias="taxMethodsHelper">Imposta il metodo di tassazione a seconda delle aree a cui spedire</key>
    <key alias="taxIncludeInProductPrice">Includi nel prezzo del prodotto</key>
  </area>
  <area alias="merchelloNotifications">
    <key alias="notifications">Notifiche</key>
    <key alias="addNotification">Aggiungi notifica</key>
  </area>
  <area alias="merchelloNotificationsEdit">
    <key alias="emailTemplate">Modello email</key>
    <key alias="emailTemplateHelper">Modifica il modello della notifica</key>
    <key alias="emailTemplateEditBody">Modifica il corpo del messaggio</key>
    <key alias="notificationSettings">Impostazioni della notifica</key>
    <key alias="notificationSettingsHelper">Imposta quando mandare la notifica e a chi</key>
    <key alias="description">Descrizione</key>
    <key alias="attachedEvent">Evento associato</key>
    <key alias="resourceType" />
    <key alias="eventAlias">Alias dell'evento:</key>
    <key alias="sendTo"><![CDATA[Manda a <small>(ej. ordini@tuodominio.com)</small>]]></key>
    <key alias="replyTo"><![CDATA[CDATA a <small>(i.e. info@tuodominio.com)</small>]]></key>
    <key alias="emailCustomer">Mandare email al cliente</key>
  </area>
  <area alias="merchelloNotificationsEditTemplate">
    <key alias="header">Testata</key>
    <key alias="footer">Piede</key>
    <key alias="templateHelper">E' possibile aggiungere tag HTML alla testata e al piè di pagina del modello, come &lt;br /&gt; per andare a capo.</key>
  </area>
  <area alias="merchelloNotificationsDelete">
    <key alias="merchelloNotificationsDelete_deleteNotification">Cancella un metodo di notifica</key>
  </area>
  <area alias="merchelloNotificationsMessage">
    <add alias="replyTo">Rispondi a</add>
    <key alias="addEditMessage">Aggiungi/modifica un messaggio di notifica</key>
    <key alias="attachedEvent">Evento associato</key>
    <key alias="fromEmail"><![CDATA[Da <small>(es. conferma@tuodominio.com)</small>]]></key>
  </area>
  <area alias="merchelloNotificationsMethod">
    <key alias="addEditMethod">Aggiungi/modifica un metodo di notifica</key>
    <key alias="notificationsMethodResource">Metodo di notifica</key>
    <key alias="message">Messaggio</key>
    <key alias="notification">Notifica</key>
    <key alias="event">Evento</key>
    <key alias="sendTo">Invia a</key>
    <key alias="emailCustomer">Invia mail al cliente</key>
  </area>
  <area alias="merchelloGatewayProvider">
    <key alias="gatewayProvider">Gateway provider</key>
    <key alias="notificationProvider">Gestori notifiche</key>
    <key alias="notificationProviderHelper">Attiva/disattiva i tuoi gestori di notifiche</key>
    <key alias="paymentProvider">Gestori dei pagamenti</key>
    <key alias="paymentProviderHelper">Attiva/disattiva i tuoi gestori dei pagamenti</key>
    <key alias="shippingProvider">Gestori delle spedizioni</key>
    <key alias="shippingProviderHelper">Attiva/disattiva i tuoi gestori delle spedizioni</key>
    <key alias="taxationProvider">Gestori delle tassazioni</key>
    <key alias="taxationProviderHelper">Attiva/disattiva i tuoi gestori delle tassazioni</key>
    <key alias="host">Host</key>
    <key alias="username">Username</key>
    <key alias="password">Password</key>
    <key alias="enableSSL">Abilita SSL</key>
    <key alias="encryptProviderConfiguration">Configura della criptazione del provider</key>
    <key alias="providerName">Nome del provider</key>
    <key alias="activate">attiva</key>
    <key alias="deactivate">disattiva</key>
  </area>
  <area alias="merchelloPayment">
    <key alias="paymentInfo">Informazioni sul pagamento</key>
    <key alias="payment">Pagamento</key>
    <key alias="addPaymentMethod">Aggiungi un metodo</key>
    <key alias="resourceType">Tipo di risorsa:</key>
    <key alias="deletePayment">Cancella un metodo di pagamento</key>
    <key alias="paymentMethod">Metodo di Pagamento</key>
  </area>
  <area alias="merchelloPaymentMethod">
    <key alias="addEditPayment">Aggiungi/Modifica un metodo di pagamento</key>
  </area>
  <area alias="merchelloMethodDelete">
    <key alias="deleteConfirmation">Sei sicuro di voler eliminare il metodo</key>
  </area>
  <area alias="merchelloDelete">
    <key alias="deleteConfirmation">Conferma Eliminazione</key>
    <key alias="deleteConfirmMessage">Sei sicuro di voler rimuovere l'elemento?</key>
  </area>
  <area alias="merchelloProductEdit">
    <key alias="enterProductName">Inserisci un nome al prodotto</key>
    <key alias="dragAndReorder">Trascina per ordinare opzioni e varianti</key>
    <key alias="reorderVariants">Ordina varianti</key>
    <key alias="dragAndReorderHelper">Ordinando opzioni e varianti, si modificherà l'ordine con cui il queste verranno visualizzate. Trascina le impostazioni (ad esempio, dimensione, stile) verticalmente e varianti (es. rosso, blu) orizzontalmente..</key>
    <key alias="changePrices">Cambia prezzi</key>
    <key alias="updateInventory">Aggiorna disponibilità</key>
    <key alias="toggleAvailable">Disponibile</key>
    <key alias="toggleOnSale">In Vendita</key>
    <key alias="duplicateVariant"> Duplica variante</key>
    <key alias="inAnother">In another</key>
    <key alias="editOptions">Edit Options</key>
    <key alias="editOptionsHelper">Edit or add options, which will auto-update your variants</key>
    <key alias="optionName">Option Name</key>
    <key alias="optionNameHelper">(e.g. Size, Style, Color)</key>
    <key alias="optionValue">Option Values</key>
    <key alias="optionValueHelper">(e.g. red, green, blue)</key>
    <key alias="addStyle">Add a style...</key>
    <key alias="addAnotherOption">Add Another Option</key>
    <key alias="variantInformation">Product Information</key>
    <key alias="variantInformationHelper">Edit the variants for this product.</key>
    <key alias="selectProduct">Select Product...</key>
    <key alias="selectMerchelloProduct">Select Merchello Product</key>
    <key alias="selectYourProduct">Select Your Product</key>
    <key alias="removeProduct">Disconnetti questo prodotto</key>
    <key alias="itemLocation">Locazione del prodotto</key>
  </area>
  <area alias="merchelloAuditLogs">
    <key alias="notificationShipping">invia email di conferma spedizione a %0%</key>
    <key alias="notificationSalesConfirmation">invia email di conferma ordine a %0%</key>
    <key alias="paymentCaptured">E' stato ricevuto con successo %0% %1%</key>
    <key alias="paymentAuthorize">E' stato autorizzato a ricevere %0% %1%</key>
    <key alias="paymentVoided">Il pagamento è stato annullato</key>
    <key alias="paymentDeclined">Il pagamento è stato rifiutato</key>
    <key alias="paymentRefunded">E' stato rimborsato %0% %1% di un pagamento</key>
    <key alias="invoiceDeleted">La fattura %0% è stata cancellata</key>
    <key alias="paymentDeleted">Il pagamento è stato cancellato</key>
    <key alias="invoiceCreated">Vendita avvenuta. Fattura %0%</key>
    <key alias="invoiceStatusChanged">La fattura è stata impostata %0%</key>
    <key alias="orderCreated">E' stato creato l'ordine %0%</key>
    <key alias="shipmentCreated">E' stata creat ala spedizione con %0% linee di prodotti</key>
    <key alias="shipmentStatusChanged">Lo stato della spedizione è stato cambiato a %0%</key>
  </area>
</language>